Date,4_Week_T_Bill_Rate,Daily_rf
2020-01-01,,
2020-01-02,1.5,4.169186022462412e-05
2020-01-03,1.49,4.141374752109073e-05
2020-01-06,1.51,4.196997517103007e-05
2020-01-07,1.49,4.141374752109073e-05
2020-01-08,1.47,4.0857528842863644e-05
2020-01-09,1.5,4.169186022462412e-05
2020-01-10,1.49,4.141374752109073e-05
2020-01-13,1.51,4.196997517103007e-05
2020-01-14,1.5,4.169186022462412e-05
2020-01-15,1.5,4.169186022462412e-05
2020-01-16,1.51,4.196997517103007e-05
2020-01-17,1.51,4.196997517103007e-05
2020-01-20,1.51,4.196997517103007e-05
2020-01-21,1.49,4.141374752109073e-05
2020-01-22,1.49,4.141374752109073e-05
2020-01-23,1.52,4.224809236053062e-05
2020-01-24,1.51,4.196997517103007e-05
2020-01-27,1.5,4.169186022462412e-05
2020-01-28,1.5,4.169186022462412e-05
2020-01-29,1.49,4.141374752109073e-05
2020-01-30,1.56,4.336058354925676e-05
2020-01-31,1.53,4.252621179312577e-05
2020-02-03,1.53,4.252621179312577e-05
2020-02-04,1.52,4.224809236053062e-05
2020-02-05,1.52,4.224809236053062e-05
2020-02-06,1.56,4.336058354925676e-05
2020-02-07,1.54,4.280433346859347e-05
2020-02-10,1.55,4.3082457387377815e-05
2020-02-11,1.54,4.280433346859347e-05
2020-02-12,1.54,4.280433346859347e-05
2020-02-13,1.56,4.336058354925676e-05
2020-02-14,1.57,4.363871195445235e-05
2020-02-17,1.57,4.363871195445235e-05
2020-02-18,1.58,4.3916842602742534e-05
2020-02-19,1.58,4.3916842602742534e-05
2020-02-20,1.58,4.3916842602742534e-05
2020-02-21,1.57,4.363871195445235e-05
2020-02-24,1.57,4.363871195445235e-05
2020-02-25,1.56,4.336058354925676e-05
2020-02-26,1.56,4.336058354925676e-05
2020-02-27,1.54,4.280433346859347e-05
2020-02-28,1.43,3.9745118400658086e-05
2020-03-02,1.4,3.891083411766694e-05
2020-03-03,1.1,3.0569101228783424e-05
2020-03-04,1.0,2.7788971957765085e-05
2020-03-05,0.91,2.52870472376987e-05
2020-03-06,0.78,2.167347641468531e-05
2020-03-09,0.56,1.5559065234871383e-05
2020-03-10,0.56,1.5559065234871383e-05
2020-03-11,0.41,1.1390770044306109e-05
2020-03-12,0.4,1.111290161248668e-05
2020-03-13,0.33,9.167885281602395e-06
2020-03-16,0.25,6.945143803616105e-06
2020-03-17,0.11,3.055690941389244e-06
2020-03-18,0.04,1.1111290127985285e-06
2020-03-19,0.04,1.1111290127985285e-06
2020-03-20,0.04,1.1111290127985285e-06
2020-03-23,0.01,2.7777889655133947e-07
2020-03-24,0.01,2.7777889655133947e-07
2020-03-25,-0.04,-1.111093210215408e-06
2020-03-26,0.01,2.7777889655133947e-07
2020-03-27,0.01,2.7777889655133947e-07
2020-03-30,0.04,1.1111290127985285e-06
2020-03-31,0.04,1.1111290127985285e-06
2020-04-01,0.03,8.333434029506037e-07
2020-04-02,0.09,2.5000906294092573e-06
2020-04-03,0.09,2.5000906294092573e-06
2020-04-06,0.09,2.5000906294092573e-06
2020-04-07,0.09,2.5000906294092573e-06
2020-04-08,0.14,3.889108195265223e-06
2020-04-09,0.2,5.556003133566634e-06
2020-04-10,0.2,5.556003133566634e-06
2020-04-13,0.16,4.444730888453208e-06
2020-04-14,0.17,4.722545592361627e-06
2020-04-15,0.13,3.611300205985657e-06
2020-04-16,0.14,3.889108195265223e-06
2020-04-17,0.12,3.333494454693664e-06
2020-04-20,0.1,2.777889666294442e-06
2020-04-21,0.08,2.222293830289601e-06
2020-04-22,0.09,2.5000906294092573e-06
2020-04-23,0.09,2.5000906294092573e-06
2020-04-24,0.1,2.777889666294442e-06
2020-04-27,0.09,2.5000906294092573e-06
2020-04-28,0.08,2.222293830289601e-06
2020-04-29,0.1,2.777889666294442e-06
2020-04-30,0.1,2.777889666294442e-06
2020-05-01,0.1,2.777889666294442e-06
2020-05-04,0.1,2.777889666294442e-06
2020-05-05,0.09,2.5000906294092573e-06
2020-05-06,0.08,2.222293830289601e-06
2020-05-07,0.1,2.777889666294442e-06
2020-05-08,0.1,2.777889666294442e-06
2020-05-11,0.09,2.5000906294092573e-06
2020-05-12,0.1,2.777889666294442e-06
2020-05-13,0.1,2.777889666294442e-06
2020-05-14,0.09,2.5000906294092573e-06
2020-05-15,0.09,2.5000906294092573e-06
2020-05-18,0.1,2.777889666294442e-06
2020-05-19,0.09,2.5000906294092573e-06
2020-05-20,0.08,2.222293830289601e-06
2020-05-21,0.09,2.5000906294092573e-06
2020-05-22,0.09,2.5000906294092573e-06
2020-05-25,0.09,2.5000906294092573e-06
2020-05-26,0.1,2.777889666294442e-06
2020-05-27,0.1,2.777889666294442e-06
2020-05-28,0.14,3.889108195265223e-06
2020-05-29,0.13,3.611300205985657e-06
2020-06-01,0.12,3.333494454693664e-06
2020-06-02,0.12,3.333494454693664e-06
2020-06-03,0.12,3.333494454693664e-06
2020-06-04,0.13,3.611300205985657e-06
2020-06-05,0.13,3.611300205985657e-06
2020-06-08,0.15,4.1669184227544065e-06
2020-06-09,0.14,3.889108195265223e-06
2020-06-10,0.13,3.611300205985657e-06
2020-06-11,0.14,3.889108195265223e-06
2020-06-12,0.14,3.889108195265223e-06
2020-06-15,0.15,4.1669184227544065e-06
2020-06-16,0.14,3.889108195265223e-06
2020-06-17,0.13,3.611300205985657e-06
2020-06-18,0.13,3.611300205985657e-06
2020-06-19,0.13,3.611300205985657e-06
2020-06-22,0.14,3.889108195265223e-06
2020-06-23,0.12,3.333494454693664e-06
2020-06-24,0.11,3.055690941389244e-06
2020-06-25,0.13,3.611300205985657e-06
2020-06-26,0.12,3.333494454693664e-06
2020-06-29,0.11,3.055690941389244e-06
2020-06-30,0.13,3.611300205985657e-06
2020-07-01,0.12,3.333494454693664e-06
2020-07-02,0.13,3.611300205985657e-06
2020-07-03,0.13,3.611300205985657e-06
2020-07-06,0.12,3.333494454693664e-06
2020-07-07,0.12,3.333494454693664e-06
2020-07-08,0.11,3.055690941389244e-06
2020-07-09,0.11,3.055690941389244e-06
2020-07-10,0.1,2.777889666294442e-06
2020-07-13,0.11,3.055690941389244e-06
2020-07-14,0.11,3.055690941389244e-06
2020-07-15,0.12,3.333494454693664e-06
2020-07-16,0.12,3.333494454693664e-06
2020-07-17,0.11,3.055690941389244e-06
2020-07-20,0.11,3.055690941389244e-06
2020-07-21,0.09,2.5000906294092573e-06
2020-07-22,0.09,2.5000906294092573e-06
2020-07-23,0.09,2.5000906294092573e-06
2020-07-24,0.1,2.777889666294442e-06
2020-07-27,0.1,2.777889666294442e-06
2020-07-28,0.09,2.5000906294092573e-06
2020-07-29,0.09,2.5000906294092573e-06
2020-07-30,0.1,2.777889666294442e-06
2020-07-31,0.09,2.5000906294092573e-06
2020-08-03,0.09,2.5000906294092573e-06
2020-08-04,0.09,2.5000906294092573e-06
2020-08-05,0.08,2.222293830289601e-06
2020-08-06,0.07,1.9444992689354734e-06
2020-08-07,0.08,2.222293830289601e-06
2020-08-10,0.09,2.5000906294092573e-06
2020-08-11,0.08,2.222293830289601e-06
2020-08-12,0.08,2.222293830289601e-06
2020-08-13,0.08,2.222293830289601e-06
2020-08-14,0.09,2.5000906294092573e-06
2020-08-17,0.09,2.5000906294092573e-06
2020-08-18,0.08,2.222293830289601e-06
2020-08-19,0.07,1.9444992689354734e-06
2020-08-20,0.08,2.222293830289601e-06
2020-08-21,0.07,1.9444992689354734e-06
2020-08-24,0.09,2.5000906294092573e-06
2020-08-25,0.08,2.222293830289601e-06
2020-08-26,0.07,1.9444992689354734e-06
2020-08-27,0.09,2.5000906294092573e-06
2020-08-28,0.09,2.5000906294092573e-06
2020-08-31,0.08,2.222293830289601e-06
2020-09-01,0.09,2.5000906294092573e-06
2020-09-02,0.1,2.777889666294442e-06
2020-09-03,0.1,2.777889666294442e-06
2020-09-04,0.09,2.5000906294092573e-06
2020-09-07,0.09,2.5000906294092573e-06
2020-09-08,0.1,2.777889666294442e-06
2020-09-09,0.1,2.777889666294442e-06
2020-09-10,0.1,2.777889666294442e-06
2020-09-11,0.1,2.777889666294442e-06
2020-09-14,0.1,2.777889666294442e-06
2020-09-15,0.09,2.5000906294092573e-06
2020-09-16,0.08,2.222293830289601e-06
2020-09-17,0.09,2.5000906294092573e-06
2020-09-18,0.09,2.5000906294092573e-06
2020-09-21,0.09,2.5000906294092573e-06
2020-09-22,0.08,2.222293830289601e-06
2020-09-23,0.08,2.222293830289601e-06
2020-09-24,0.08,2.222293830289601e-06
2020-09-25,0.08,2.222293830289601e-06
2020-09-28,0.09,2.5000906294092573e-06
2020-09-29,0.07,1.9444992689354734e-06
2020-09-30,0.08,2.222293830289601e-06
2020-10-01,0.09,2.5000906294092573e-06
2020-10-02,0.1,2.777889666294442e-06
2020-10-05,0.09,2.5000906294092573e-06
2020-10-06,0.08,2.222293830289601e-06
2020-10-07,0.08,2.222293830289601e-06
2020-10-08,0.09,2.5000906294092573e-06
2020-10-09,0.1,2.777889666294442e-06
2020-10-12,0.1,2.777889666294442e-06
2020-10-13,0.09,2.5000906294092573e-06
2020-10-14,0.1,2.777889666294442e-06
2020-10-15,0.1,2.777889666294442e-06
2020-10-16,0.09,2.5000906294092573e-06
2020-10-19,0.09,2.5000906294092573e-06
2020-10-20,0.08,2.222293830289601e-06
2020-10-21,0.08,2.222293830289601e-06
2020-10-22,0.09,2.5000906294092573e-06
2020-10-23,0.08,2.222293830289601e-06
2020-10-26,0.08,2.222293830289601e-06
2020-10-27,0.08,2.222293830289601e-06
2020-10-28,0.07,1.9444992689354734e-06
2020-10-29,0.08,2.222293830289601e-06
2020-10-30,0.08,2.222293830289601e-06
2020-11-02,0.09,2.5000906294092573e-06
2020-11-03,0.09,2.5000906294092573e-06
2020-11-04,0.08,2.222293830289601e-06
2020-11-05,0.09,2.5000906294092573e-06
2020-11-06,0.1,2.777889666294442e-06
2020-11-09,0.1,2.777889666294442e-06
2020-11-10,0.09,2.5000906294092573e-06
2020-11-11,0.09,2.5000906294092573e-06
2020-11-12,0.1,2.777889666294442e-06
2020-11-13,0.1,2.777889666294442e-06
2020-11-16,0.09,2.5000906294092573e-06
2020-11-17,0.08,2.222293830289601e-06
2020-11-18,0.07,1.9444992689354734e-06
2020-11-19,0.08,2.222293830289601e-06
2020-11-20,0.09,2.5000906294092573e-06
2020-11-23,0.08,2.222293830289601e-06
2020-11-24,0.08,2.222293830289601e-06
2020-11-25,0.07,1.9444992689354734e-06
2020-11-26,0.07,1.9444992689354734e-06
2020-11-27,0.09,2.5000906294092573e-06
2020-11-30,0.08,2.222293830289601e-06
2020-12-01,0.07,1.9444992689354734e-06
2020-12-02,0.07,1.9444992689354734e-06
2020-12-03,0.08,2.222293830289601e-06
2020-12-04,0.07,1.9444992689354734e-06
2020-12-07,0.09,2.5000906294092573e-06
2020-12-08,0.08,2.222293830289601e-06
2020-12-09,0.07,1.9444992689354734e-06
2020-12-10,0.07,1.9444992689354734e-06
2020-12-11,0.08,2.222293830289601e-06
2020-12-14,0.07,1.9444992689354734e-06
2020-12-15,0.07,1.9444992689354734e-06
2020-12-16,0.08,2.222293830289601e-06
2020-12-17,0.08,2.222293830289601e-06
2020-12-18,0.08,2.222293830289601e-06
2020-12-21,0.08,2.222293830289601e-06
2020-12-22,0.06,1.6667069457909633e-06
2020-12-23,0.07,1.9444992689354734e-06
2020-12-24,0.09,2.5000906294092573e-06
2020-12-25,0.09,2.5000906294092573e-06
2020-12-28,0.09,2.5000906294092573e-06
2020-12-29,0.08,2.222293830289601e-06
2020-12-30,0.06,1.6667069457909633e-06
2020-12-31,0.08,2.222293830289601e-06
2021-01-01,0.08,2.222293830289601e-06
2021-01-04,0.09,2.5000906294092573e-06
2021-01-05,0.08,2.222293830289601e-06
2021-01-06,0.09,2.5000906294092573e-06
2021-01-07,0.09,2.5000906294092573e-06
2021-01-08,0.08,2.222293830289601e-06
2021-01-11,0.09,2.5000906294092573e-06
2021-01-12,0.09,2.5000906294092573e-06
2021-01-13,0.09,2.5000906294092573e-06
2021-01-14,0.09,2.5000906294092573e-06
2021-01-15,0.08,2.222293830289601e-06
2021-01-18,0.08,2.222293830289601e-06
2021-01-19,0.07,1.9444992689354734e-06
2021-01-20,0.08,2.222293830289601e-06
2021-01-21,0.07,1.9444992689354734e-06
2021-01-22,0.07,1.9444992689354734e-06
2021-01-25,0.07,1.9444992689354734e-06
2021-01-26,0.05,1.3889168604119817e-06
2021-01-27,0.05,1.3889168604119817e-06
2021-01-28,0.05,1.3889168604119817e-06
2021-01-29,0.07,1.9444992689354734e-06
2021-02-01,0.06,1.6667069457909633e-06
2021-02-02,0.04,1.1111290127985285e-06
2021-02-03,0.03,8.333434029506037e-07
2021-02-04,0.03,8.333434029506037e-07
2021-02-05,0.02,5.555600308682074e-07
2021-02-08,0.04,1.1111290127985285e-06
2021-02-09,0.04,1.1111290127985285e-06
2021-02-10,0.05,1.3889168604119817e-06
2021-02-11,0.05,1.3889168604119817e-06
2021-02-12,0.03,8.333434029506037e-07
2021-02-15,0.03,8.333434029506037e-07
2021-02-16,0.03,8.333434029506037e-07
2021-02-17,0.03,8.333434029506037e-07
2021-02-18,0.03,8.333434029506037e-07
2021-02-19,0.03,8.333434029506037e-07
2021-02-22,0.03,8.333434029506037e-07
2021-02-23,0.03,8.333434029506037e-07
2021-02-24,0.03,8.333434029506037e-07
2021-02-25,0.04,1.1111290127985285e-06
2021-02-26,0.04,1.1111290127985285e-06
2021-03-01,0.03,8.333434029506037e-07
2021-03-02,0.04,1.1111290127985285e-06
2021-03-03,0.04,1.1111290127985285e-06
2021-03-04,0.03,8.333434029506037e-07
2021-03-05,0.04,1.1111290127985285e-06
2021-03-08,0.04,1.1111290127985285e-06
2021-03-09,0.04,1.1111290127985285e-06
2021-03-10,0.03,8.333434029506037e-07
2021-03-11,0.04,1.1111290127985285e-06
2021-03-12,0.03,8.333434029506037e-07
2021-03-15,0.02,5.555600308682074e-07
2021-03-16,0.01,2.7777889655133947e-07
2021-03-17,0.01,2.7777889655133947e-07
2021-03-18,0.01,2.7777889655133947e-07
2021-03-19,0.01,2.7777889655133947e-07
2021-03-22,0.02,5.555600308682074e-07
2021-03-23,0.02,5.555600308682074e-07
2021-03-24,0.02,5.555600308682074e-07
2021-03-25,0.02,5.555600308682074e-07
2021-03-26,0.02,5.555600308682074e-07
2021-03-29,0.02,5.555600308682074e-07
2021-03-30,0.01,2.7777889655133947e-07
2021-03-31,0.01,2.7777889655133947e-07
2021-04-01,0.02,5.555600308682074e-07
2021-04-02,0.02,5.555600308682074e-07
2021-04-05,0.03,8.333434029506037e-07
2021-04-06,0.02,5.555600308682074e-07
2021-04-07,0.01,2.7777889655133947e-07
2021-04-08,0.02,5.555600308682074e-07
2021-04-09,0.02,5.555600308682074e-07
2021-04-12,0.02,5.555600308682074e-07
2021-04-13,0.03,8.333434029506037e-07
2021-04-14,0.02,5.555600308682074e-07
2021-04-15,0.02,5.555600308682074e-07
2021-04-16,0.02,5.555600308682074e-07
2021-04-19,0.01,2.7777889655133947e-07
2021-04-20,0.01,2.7777889655133947e-07
2021-04-21,0.0,0.0
2021-04-22,0.02,5.555600308682074e-07
2021-04-23,0.01,2.7777889655133947e-07
2021-04-26,0.02,5.555600308682074e-07
2021-04-27,0.01,2.7777889655133947e-07
2021-04-28,0.01,2.7777889655133947e-07
2021-04-29,0.01,2.7777889655133947e-07
2021-04-30,0.01,2.7777889655133947e-07
2021-05-03,0.02,5.555600308682074e-07
2021-05-04,0.01,2.7777889655133947e-07
2021-05-05,0.01,2.7777889655133947e-07
2021-05-06,0.01,2.7777889655133947e-07
2021-05-07,0.01,2.7777889655133947e-07
2021-05-10,0.02,5.555600308682074e-07
2021-05-11,0.01,2.7777889655133947e-07
2021-05-12,0.01,2.7777889655133947e-07
2021-05-13,0.0,0.0
2021-05-14,0.01,2.7777889655133947e-07
2021-05-17,0.0,0.0
2021-05-18,0.0,0.0
2021-05-19,0.0,0.0
2021-05-20,0.01,2.7777889655133947e-07
2021-05-21,0.0,0.0
2021-05-24,0.01,2.7777889655133947e-07
2021-05-25,0.01,2.7777889655133947e-07
2021-05-26,0.0,0.0
2021-05-27,0.0,0.0
2021-05-28,0.01,2.7777889655133947e-07
2021-05-31,0.01,2.7777889655133947e-07
2021-06-01,0.01,2.7777889655133947e-07
2021-06-02,0.01,2.7777889655133947e-07
2021-06-03,0.0,0.0
2021-06-04,0.01,2.7777889655133947e-07
2021-06-07,0.01,2.7777889655133947e-07
2021-06-08,0.01,2.7777889655133947e-07
2021-06-09,0.01,2.7777889655133947e-07
2021-06-10,0.01,2.7777889655133947e-07
2021-06-11,0.01,2.7777889655133947e-07
2021-06-14,0.01,2.7777889655133947e-07
2021-06-15,0.02,5.555600308682074e-07
2021-06-16,0.04,1.1111290127985285e-06
2021-06-17,0.05,1.3889168604119817e-06
2021-06-18,0.05,1.3889168604119817e-06
2021-06-21,0.04,1.1111290127985285e-06
2021-06-22,0.04,1.1111290127985285e-06
2021-06-23,0.04,1.1111290127985285e-06
2021-06-24,0.05,1.3889168604119817e-06
2021-06-25,0.05,1.3889168604119817e-06
2021-06-28,0.04,1.1111290127985285e-06
2021-06-29,0.04,1.1111290127985285e-06
2021-06-30,0.05,1.3889168604119817e-06
2021-07-01,0.05,1.3889168604119817e-06
2021-07-02,0.05,1.3889168604119817e-06
2021-07-05,0.05,1.3889168604119817e-06
2021-07-06,0.05,1.3889168604119817e-06
2021-07-07,0.05,1.3889168604119817e-06
2021-07-08,0.06,1.6667069457909633e-06
2021-07-09,0.06,1.6667069457909633e-06
2021-07-12,0.05,1.3889168604119817e-06
2021-07-13,0.05,1.3889168604119817e-06
2021-07-14,0.06,1.6667069457909633e-06
2021-07-15,0.05,1.3889168604119817e-06
2021-07-16,0.05,1.3889168604119817e-06
2021-07-19,0.05,1.3889168604119817e-06
2021-07-20,0.05,1.3889168604119817e-06
2021-07-21,0.04,1.1111290127985285e-06
2021-07-22,0.04,1.1111290127985285e-06
2021-07-23,0.05,1.3889168604119817e-06
2021-07-26,0.05,1.3889168604119817e-06
2021-07-27,0.04,1.1111290127985285e-06
2021-07-28,0.04,1.1111290127985285e-06
2021-07-29,0.05,1.3889168604119817e-06
2021-07-30,0.05,1.3889168604119817e-06
2021-08-02,0.05,1.3889168604119817e-06
2021-08-03,0.05,1.3889168604119817e-06
2021-08-04,0.05,1.3889168604119817e-06
2021-08-05,0.05,1.3889168604119817e-06
2021-08-06,0.04,1.1111290127985285e-06
2021-08-09,0.04,1.1111290127985285e-06
2021-08-10,0.05,1.3889168604119817e-06
2021-08-11,0.05,1.3889168604119817e-06
2021-08-12,0.05,1.3889168604119817e-06
2021-08-13,0.04,1.1111290127985285e-06
2021-08-16,0.04,1.1111290127985285e-06
2021-08-17,0.03,8.333434029506037e-07
2021-08-18,0.03,8.333434029506037e-07
2021-08-19,0.04,1.1111290127985285e-06
2021-08-20,0.04,1.1111290127985285e-06
2021-08-23,0.04,1.1111290127985285e-06
2021-08-24,0.03,8.333434029506037e-07
2021-08-25,0.04,1.1111290127985285e-06
2021-08-26,0.04,1.1111290127985285e-06
2021-08-27,0.04,1.1111290127985285e-06
2021-08-30,0.04,1.1111290127985285e-06
2021-08-31,0.03,8.333434029506037e-07
2021-09-01,0.04,1.1111290127985285e-06
2021-09-02,0.05,1.3889168604119817e-06
2021-09-03,0.04,1.1111290127985285e-06
2021-09-06,0.04,1.1111290127985285e-06
2021-09-07,0.04,1.1111290127985285e-06
2021-09-08,0.05,1.3889168604119817e-06
2021-09-09,0.07,1.9444992689354734e-06
2021-09-10,0.06,1.6667069457909633e-06
2021-09-13,0.06,1.6667069457909633e-06
2021-09-14,0.05,1.3889168604119817e-06
2021-09-15,0.04,1.1111290127985285e-06
2021-09-16,0.06,1.6667069457909633e-06
2021-09-17,0.06,1.6667069457909633e-06
2021-09-20,0.06,1.6667069457909633e-06
2021-09-21,0.05,1.3889168604119817e-06
2021-09-22,0.04,1.1111290127985285e-06
2021-09-23,0.05,1.3889168604119817e-06
2021-09-24,0.06,1.6667069457909633e-06
2021-09-27,0.06,1.6667069457909633e-06
2021-09-28,0.07,1.9444992689354734e-06
2021-09-29,0.05,1.3889168604119817e-06
2021-09-30,0.07,1.9444992689354734e-06
2021-10-01,0.08,2.222293830289601e-06
2021-10-04,0.1,2.777889666294442e-06
2021-10-05,0.11,3.055690941389244e-06
2021-10-06,0.06,1.6667069457909633e-06
2021-10-07,0.03,8.333434029506037e-07
2021-10-08,0.02,5.555600308682074e-07
2021-10-11,0.02,5.555600308682074e-07
2021-10-12,0.02,5.555600308682074e-07
2021-10-13,0.02,5.555600308682074e-07
2021-10-14,0.05,1.3889168604119817e-06
2021-10-15,0.04,1.1111290127985285e-06
2021-10-18,0.04,1.1111290127985285e-06
2021-10-19,0.05,1.3889168604119817e-06
2021-10-20,0.05,1.3889168604119817e-06
2021-10-21,0.06,1.6667069457909633e-06
2021-10-22,0.05,1.3889168604119817e-06
2021-10-25,0.06,1.6667069457909633e-06
2021-10-26,0.06,1.6667069457909633e-06
2021-10-27,0.06,1.6667069457909633e-06
2021-10-28,0.06,1.6667069457909633e-06
2021-10-29,0.06,1.6667069457909633e-06
2021-11-01,0.05,1.3889168604119817e-06
2021-11-02,0.05,1.3889168604119817e-06
2021-11-03,0.05,1.3889168604119817e-06
2021-11-04,0.05,1.3889168604119817e-06
2021-11-05,0.05,1.3889168604119817e-06
2021-11-08,0.04,1.1111290127985285e-06
2021-11-09,0.04,1.1111290127985285e-06
2021-11-10,0.06,1.6667069457909633e-06
2021-11-11,0.06,1.6667069457909633e-06
2021-11-12,0.05,1.3889168604119817e-06
2021-11-15,0.06,1.6667069457909633e-06
2021-11-16,0.06,1.6667069457909633e-06
2021-11-17,0.06,1.6667069457909633e-06
2021-11-18,0.12,3.333494454693664e-06
2021-11-19,0.11,3.055690941389244e-06
2021-11-22,0.07,1.9444992689354734e-06
2021-11-23,0.06,1.6667069457909633e-06
2021-11-24,0.14,3.889108195265223e-06
2021-11-25,0.14,3.889108195265223e-06
2021-11-26,0.11,3.055690941389244e-06
2021-11-29,0.07,1.9444992689354734e-06
2021-11-30,0.11,3.055690941389244e-06
2021-12-01,0.1,2.777889666294442e-06
2021-12-02,0.05,1.3889168604119817e-06
2021-12-03,0.04,1.1111290127985285e-06
2021-12-06,0.05,1.3889168604119817e-06
2021-12-07,0.05,1.3889168604119817e-06
2021-12-08,0.04,1.1111290127985285e-06
2021-12-09,0.03,8.333434029506037e-07
2021-12-10,0.03,8.333434029506037e-07
2021-12-13,0.01,2.7777889655133947e-07
2021-12-14,0.01,2.7777889655133947e-07
2021-12-15,0.03,8.333434029506037e-07
2021-12-16,0.04,1.1111290127985285e-06
2021-12-17,0.03,8.333434029506037e-07
2021-12-20,0.03,8.333434029506037e-07
2021-12-21,0.03,8.333434029506037e-07
2021-12-22,0.03,8.333434029506037e-07
2021-12-23,0.04,1.1111290127985285e-06
2021-12-24,0.04,1.1111290127985285e-06
2021-12-27,0.04,1.1111290127985285e-06
2021-12-28,0.03,8.333434029506037e-07
2021-12-29,0.01,2.7777889655133947e-07
2021-12-30,0.06,1.6667069457909633e-06
2021-12-31,0.06,1.6667069457909633e-06
2022-01-03,0.05,1.3889168604119817e-06
2022-01-04,0.06,1.6667069457909633e-06
2022-01-05,0.05,1.3889168604119817e-06
2022-01-06,0.04,1.1111290127985285e-06
2022-01-07,0.05,1.3889168604119817e-06
2022-01-10,0.05,1.3889168604119817e-06
2022-01-11,0.04,1.1111290127985285e-06
2022-01-12,0.04,1.1111290127985285e-06
2022-01-13,0.05,1.3889168604119817e-06
2022-01-14,0.05,1.3889168604119817e-06
2022-01-17,0.05,1.3889168604119817e-06
2022-01-18,0.05,1.3889168604119817e-06
2022-01-19,0.05,1.3889168604119817e-06
2022-01-20,0.05,1.3889168604119817e-06
2022-01-21,0.05,1.3889168604119817e-06
2022-01-24,0.05,1.3889168604119817e-06
2022-01-25,0.05,1.3889168604119817e-06
2022-01-26,0.05,1.3889168604119817e-06
2022-01-27,0.04,1.1111290127985285e-06
2022-01-28,0.04,1.1111290127985285e-06
2022-01-31,0.03,8.333434029506037e-07
2022-02-01,0.04,1.1111290127985285e-06
2022-02-02,0.04,1.1111290127985285e-06
2022-02-03,0.03,8.333434029506037e-07
2022-02-04,0.05,1.3889168604119817e-06
2022-02-07,0.03,8.333434029506037e-07
2022-02-08,0.03,8.333434029506037e-07
2022-02-09,0.03,8.333434029506037e-07
2022-02-10,0.05,1.3889168604119817e-06
2022-02-11,0.03,8.333434029506037e-07
2022-02-14,0.03,8.333434029506037e-07
2022-02-15,0.02,5.555600308682074e-07
2022-02-16,0.03,8.333434029506037e-07
2022-02-17,0.06,1.6667069457909633e-06
2022-02-18,0.03,8.333434029506037e-07
2022-02-21,0.03,8.333434029506037e-07
2022-02-22,0.03,8.333434029506037e-07
2022-02-23,0.02,5.555600308682074e-07
2022-02-24,0.05,1.3889168604119817e-06
2022-02-25,0.03,8.333434029506037e-07
2022-02-28,0.06,1.6667069457909633e-06
2022-03-01,0.1,2.777889666294442e-06
2022-03-02,0.12,3.333494454693664e-06
2022-03-03,0.19,5.278181714807317e-06
2022-03-04,0.15,4.1669184227544065e-06
2022-03-07,0.17,4.722545592361627e-06
2022-03-08,0.15,4.1669184227544065e-06
2022-03-09,0.17,4.722545592361627e-06
2022-03-10,0.19,5.278181714807317e-06
2022-03-11,0.17,4.722545592361627e-06
2022-03-14,0.22,6.111652686380253e-06
2022-03-15,0.21,5.8338267907576125e-06
2022-03-16,0.23,6.389480820212512e-06
2022-03-17,0.2,5.556003133566634e-06
2022-03-18,0.19,5.278181714807317e-06
2022-03-21,0.21,5.8338267907576125e-06
2022-03-22,0.2,5.556003133566634e-06
2022-03-23,0.14,3.889108195265223e-06
2022-03-24,0.16,4.444730888453208e-06
2022-03-25,0.17,4.722545592361627e-06
2022-03-28,0.18,5.000362534479663e-06
2022-03-29,0.17,4.722545592361627e-06
2022-03-30,0.13,3.611300205985657e-06
2022-03-31,0.17,4.722545592361627e-06
2022-04-01,0.15,4.1669184227544065e-06
2022-04-04,0.17,4.722545592361627e-06
2022-04-05,0.17,4.722545592361627e-06
2022-04-06,0.19,5.278181714807317e-06
2022-04-07,0.21,5.8338267907576125e-06
2022-04-08,0.2,5.556003133566634e-06
2022-04-11,0.21,5.8338267907576125e-06
2022-04-12,0.19,5.278181714807317e-06
2022-04-13,0.23,6.389480820212512e-06
2022-04-14,0.37,1.0279309751393129e-05
2022-04-15,0.37,1.0279309751393129e-05
2022-04-18,0.37,1.0279309751393129e-05
2022-04-19,0.35,9.723593038746259e-06
2022-04-20,0.33,9.167885281602395e-06
2022-04-21,0.5,1.389168669518881e-05
2022-04-22,0.46,1.2780145790980413e-05
2022-04-25,0.39,1.0835035419765049e-05
2022-04-26,0.36,1.0001450275520796e-05
2022-04-27,0.35,9.723593038746259e-06
2022-04-28,0.37,1.0279309751393129e-05
2022-04-29,0.37,1.0279309751393129e-05
2022-05-02,0.38,1.0557171466141213e-05
2022-05-03,0.44,1.2224388774795258e-05
2022-05-04,0.45,1.2502266163227915e-05
2022-05-05,0.49,1.3613798109934905e-05
2022-05-06,0.48,1.333591176444493e-05
2022-05-09,0.49,1.3613798109934905e-05
2022-05-10,0.55,1.528116321258821e-05
2022-05-11,0.56,1.5559065234871383e-05
2022-05-12,0.6,1.6670695720311102e-05
2022-05-13,0.66,1.8338208642720843e-05
2022-05-16,0.62,1.722652440161454e-05
2022-05-17,0.58,1.6114875998285427e-05
2022-05-18,0.5,1.389168669518881e-05
2022-05-19,0.65,1.8060284222576328e-05
2022-05-20,0.62,1.722652440161454e-05
2022-05-23,0.52,1.4447470583656141e-05
2022-05-24,0.51,1.416957751954051e-05
2022-05-25,0.52,1.4447470583656141e-05
2022-05-26,0.7,1.9449928723824783e-05
2022-05-27,0.68,1.8894064203189842e-05
2022-05-30,0.68,1.8894064203189842e-05
2022-05-31,0.71,1.972786434434326e-05
2022-06-01,0.75,2.0839629228275314e-05
2022-06-02,0.84,2.334123127933907e-05
2022-06-03,0.86,2.389716749240378e-05
2022-06-06,0.87,2.4175138959803277e-05
2022-06-07,0.85,2.361919826543435e-05
2022-06-08,0.86,2.389716749240378e-05
2022-06-09,1.04,2.89009967697762e-05
2022-06-10,1.09,3.0291078215283207e-05
2022-06-13,1.11,3.084712648382393e-05
2022-06-14,1.15,3.195924992049903e-05
2022-06-15,1.16,3.223728638368506e-05
2022-06-16,1.18,3.2793366035788196e-05
2022-06-17,1.13,3.140318371874784e-05
2022-06-20,1.13,3.140318371874784e-05
2022-06-21,1.04,2.89009967697762e-05
2022-06-22,0.92,2.5565029909246917e-05
2022-06-23,1.11,3.084712648382393e-05
2022-06-24,1.18,3.2793366035788196e-05
2022-06-27,1.13,3.140318371874784e-05
2022-06-28,1.07,2.973503891268159e-05
2022-06-29,1.06,2.9457022623580187e-05
2022-06-30,1.26,3.5017774320911244e-05
2022-07-01,1.26,3.5017774320911244e-05
2022-07-04,1.26,3.5017774320911244e-05
2022-07-05,1.27,3.529583544570336e-05
2022-07-06,1.29,3.585196442190686e-05
2022-07-07,1.53,4.252621179312577e-05
2022-07-08,1.55,4.3082457387377815e-05
2022-07-11,1.53,4.252621179312577e-05
2022-07-12,1.57,4.363871195445235e-05
2022-07-13,1.68,4.669827247116842e-05
2022-07-14,1.96,5.448746982139596e-05
2022-07-15,1.95,5.4209253904202725e-05
2022-07-18,1.91,5.309641268036458e-05
2022-07-19,1.87,5.1983607367578344e-05
2022-07-20,1.84,5.11490269481385e-05
2022-07-21,2.12,5.893922979005595e-05
2022-07-22,2.12,5.893922979005595e-05
2022-07-25,2.1,5.83827283644478e-05
2022-07-26,2.12,5.893922979005595e-05
2022-07-27,2.09,5.810448101928323e-05
2022-07-28,2.15,5.977399876755385e-05
2022-07-29,2.16,6.005225958394256e-05
2022-08-01,2.15,5.977399876755385e-05
2022-08-02,2.15,5.977399876755385e-05
2022-08-03,2.14,5.9495740196480185e-05
2022-08-04,2.12,5.893922979005595e-05
2022-08-05,2.14,5.9495740196480185e-05
2022-08-08,2.14,5.9495740196480185e-05
2022-08-09,2.14,5.9495740196480185e-05
2022-08-10,2.15,5.977399876755385e-05
2022-08-11,2.17,6.033052264564631e-05
2022-08-12,2.16,6.005225958394256e-05
2022-08-15,2.18,6.060878795266511e-05
2022-08-16,2.16,6.005225958394256e-05
2022-08-17,2.11,5.866097795470537e-05
2022-08-18,2.16,6.005225958394256e-05
2022-08-19,2.16,6.005225958394256e-05
2022-08-22,2.18,6.060878795266511e-05
2022-08-23,2.17,6.033052264564631e-05
2022-08-24,2.17,6.033052264564631e-05
2022-08-25,2.34,6.506133826378324e-05
2022-08-26,2.31,6.422644128845079e-05
2022-08-29,2.35,6.53396417475971e-05
2022-08-30,2.32,6.450473803432111e-05
2022-08-31,2.29,6.366985453443164e-05
2022-09-01,2.46,6.840112831185685e-05
2022-09-02,2.42,6.728782902309938e-05
2022-09-05,2.42,6.728782902309938e-05
2022-09-06,2.34,6.506133826378324e-05
2022-09-07,2.18,6.060878795266511e-05
2022-09-08,2.5,6.951446354275248e-05
2022-09-09,2.5,6.951446354275248e-05
2022-09-12,2.54,7.062783471822875e-05
2022-09-13,2.45,6.812280012025163e-05
2022-09-14,2.43,6.756615047587289e-05
2022-09-15,2.68,7.452491692938601e-05
2022-09-16,2.6,7.229795888274992e-05
2022-09-19,2.53,7.034948855455525e-05
2022-09-20,2.47,6.867945874988735e-05
2022-09-21,2.46,6.840112831185685e-05
2022-09-22,2.65,7.368979080890625e-05
2022-09-23,2.59,7.201959923830437e-05
2022-09-26,2.64,7.341141992966982e-05
2022-09-27,2.6,7.229795888274992e-05
2022-09-28,2.5,6.951446354275248e-05
2022-09-29,2.68,7.452491692938601e-05
2022-09-30,2.7,7.508167891212558e-05
2022-10-03,2.75,7.647362319640472e-05
2022-10-04,2.77,7.703041664197663e-05
2022-10-05,2.74,7.6195229844922e-05
2022-10-06,2.94,8.176352392896824e-05
2022-10-07,2.92,8.120665405941807e-05
2022-10-10,2.92,8.120665405941807e-05
2022-10-11,2.92,8.120665405941807e-05
2022-10-12,2.91,8.092822249650133e-05
2022-10-13,3.23,8.983914770688273e-05
2022-10-14,3.18,8.844666385532385e-05
2022-10-17,3.16,8.788968605766279e-05
2022-10-18,3.08,8.566186482017457e-05
2022-10-19,3.13,8.705423622790143e-05
2022-10-20,3.44,9.568819395067152e-05
2022-10-21,3.42,9.513109918457552e-05
2022-10-24,3.42,9.513109918457552e-05
2022-10-25,3.4,9.457401341794736e-05
2022-10-26,3.36,9.345986888131819e-05
2022-10-27,3.61,0.00010042386284769833
2022-10-28,3.6,0.00010014527608670498
2022-10-31,3.57,9.930952930670145e-05
2022-11-01,3.56,9.903095154739638e-05
2022-11-02,3.53,9.819523177134748e-05
2022-11-03,3.63,0.00010098104312117329
2022-11-04,3.6,0.00010014527608670498
2022-11-07,3.64,0.00010125963663365489
2022-11-08,3.51,9.763809650498168e-05
2022-11-09,3.48,9.680241048148908e-05
2022-11-10,3.58,9.958810931620654e-05
2022-11-11,3.58,9.958810931620654e-05
2022-11-14,3.58,9.958810931620654e-05
2022-11-15,3.62,0.00010070245185911375
2022-11-16,3.64,0.00010125963663365489
2022-11-17,3.8,0.00010571743894094432
2022-11-18,3.79,0.0001054388094143821
2022-11-21,3.82,0.0001062747047475554
2022-11-22,3.81,0.00010599607071859474
2022-11-23,3.97,0.00011045448535118574
2022-11-24,3.97,0.00011045448535118574
2022-11-25,4.01,0.00011156917907495512
2022-11-28,3.96,0.00011017581754968475
2022-11-29,3.92,0.00010906116886122419
2022-11-30,3.91,0.00010878251231827285
2022-12-01,3.87,0.00010766790866156839
2022-12-02,3.75,0.00010432431381923735
2022-12-05,3.75,0.00010432431381923735
2022-12-06,3.68,0.00010237403319024452
2022-12-07,3.6,0.00010014527608670498
2022-12-08,3.61,0.00010042386284769833
2022-12-09,3.66,0.00010181683041055045
2022-12-12,3.68,0.00010237403319024452
2022-12-13,3.71,0.00010320985424039364
2022-12-14,3.73,0.00010376707952786113
2022-12-15,3.79,0.0001054388094143821
2022-12-16,3.78,0.0001051601821389081
2022-12-19,3.77,0.00010488155711474434
2022-12-20,3.69,0.00010265263795616875
2022-12-21,3.66,0.00010181683041055045
2022-12-22,3.65,0.00010153823239678061
2022-12-23,3.65,0.00010153823239678061
2022-12-26,3.65,0.00010153823239678061
2022-12-27,3.62,0.00010070245185911375
2022-12-28,3.57,9.930952930670145e-05
2022-12-29,3.88,0.00010794655619839055
2022-12-30,3.95,0.00010989715200016015
2023-01-02,3.95,0.00010989715200016015
2023-01-03,3.96,0.00011017581754968475
2023-01-04,4.0,0.00011129050226621473
2023-01-05,4.12,0.00011463477260664767
2023-01-06,4.14,0.00011519218252775687
2023-01-09,4.17,0.0001160283143020191
2023-01-10,4.2,0.00011686446634895375
2023-01-11,4.2,0.00011686446634895375
2023-01-12,4.37,0.00012160304425368196
2023-01-13,4.38,0.00012188180440753094
2023-01-16,4.38,0.00012188180440753094
2023-01-17,4.4,0.0001224393314753769
2023-01-18,4.39,0.0001221605668149106
2023-01-19,4.49,0.0001249483148240138
2023-01-20,4.48,0.00012466952988221536
2023-01-23,4.49,0.0001249483148240138
2023-01-24,4.49,0.0001249483148240138
2023-01-25,4.47,0.0001243907471939476
2023-01-26,4.49,0.0001249483148240138
2023-01-27,4.48,0.00012466952988221536
2023-01-30,4.47,0.0001243907471939476
2023-01-31,4.45,0.00012383318857844827
2023-02-01,4.46,0.0001241119667594326
2023-02-02,4.49,0.0001249483148240138
2023-02-03,4.48,0.00012466952988221536
2023-02-06,4.49,0.0001249483148240138
2023-02-07,4.49,0.0001249483148240138
2023-02-08,4.51,0.00012550589146842484
2023-02-09,4.53,0.00012606347712762478
2023-02-10,4.53,0.00012606347712762478
2023-02-13,4.53,0.00012606347712762478
2023-02-14,4.5,0.00012522710201934295
2023-02-15,4.51,0.00012550589146842484
2023-02-16,4.53,0.00012606347712762478
2023-02-17,4.51,0.00012550589146842484
2023-02-20,4.51,0.00012550589146842484
2023-02-21,4.5,0.00012522710201934295
2023-02-22,4.49,0.0001249483148240138
2023-02-23,4.53,0.00012606347712762478
2023-02-24,4.55,0.00012662107180205773
2023-02-27,4.54,0.00012634227333796488
2023-02-28,4.52,0.00012578468317103741
2023-03-01,4.52,0.00012578468317103741
2023-03-02,4.59,0.00012773628819773286
2023-03-03,4.59,0.00012773628819773286
2023-03-06,4.59,0.00012773628819773286
2023-03-07,4.63,0.0001288515406572266
2023-03-08,4.59,0.00012773628819773286
2023-03-09,4.66,0.00012968800367052502
2023-03-10,4.64,0.0001291303594075366
2023-03-13,4.45,0.00012383318857844827
2023-03-14,4.27,0.00011881556663495552
2023-03-15,4.06,0.00011296259689852484
2023-03-16,3.93,0.00010933982765592987
2023-03-17,4.18,0.00011630702939857684
2023-03-20,4.19,0.00011658574674755506
2023-03-21,3.91,0.00010878251231827285
2023-03-22,3.98,0.00011073315540444106
2023-03-23,4.13,0.00011491347644110306
2023-03-24,4.15,0.00011547089086660911
2023-03-27,4.07,0.00011324128721934557
2023-03-28,4.1,0.00011407737169522036
2023-03-29,4.2,0.00011686446634895375
2023-03-30,4.6,0.00012801509793147758
2023-03-31,4.6,0.00012801509793147758
2023-04-03,4.56,0.00012689987252012536
2023-04-04,4.52,0.00012578468317103741
2023-04-05,4.48,0.00012466952988221536
2023-04-06,4.44,0.00012355441265099465
2023-04-07,4.43,0.00012327563897707172
2023-04-10,4.39,0.0001221605668149106
2023-04-11,4.09,0.00011379867461758231
2023-04-12,4.04,0.00011240522301303457
2023-04-13,3.98,0.00011073315540444106
2023-04-14,4.18,0.00011630702939857684
2023-04-17,3.95,0.00010989715200016015
2023-04-18,3.69,0.00010265263795616875
2023-04-19,3.68,0.00010237403319024452
2023-04-20,3.32,9.234576033834152e-05
2023-04-21,3.29,9.151020255071529e-05
2023-04-24,3.4,9.457401341794736e-05
2023-04-25,3.92,0.00010906116886122419
2023-04-26,3.63,0.00010098104312117329
2023-04-27,4.16,0.00011574960145810387
2023-04-28,4.23,0.00011770063866944902
2023-05-01,4.32,0.00012020927728118025
2023-05-02,4.33,0.0001204880261695962
2023-05-03,4.44,0.00012355441265099465
2023-05-04,5.54,0.00015423328216290777
2023-05-05,5.38,0.0001497692047025545
2023-05-08,5.33,0.00014837429898717502
2023-05-09,5.4,0.00015032718278629176
2023-05-10,5.39,0.00015004819261599245
2023-05-11,5.59,0.00015562842487626405
2023-05-12,5.57,0.00015507036101847227
2023-05-15,5.49,0.00015283819588463032
2023-05-16,5.45,0.00015172216749248513
2023-05-17,5.39,0.00015004819261599245
2023-05-18,5.38,0.0001497692047025545
2023-05-19,5.41,0.00015060617521367448
2023-05-22,5.5,0.00015311720862554168
2023-05-23,5.51,0.00015339622362398053
2023-05-24,5.62,0.0001564655375951851
2023-05-25,5.71,0.00015897699767153384
2023-05-26,5.78,0.0001609304819565338
2023-05-29,5.78,0.0001609304819565338
2023-05-30,5.12,0.00014251631099737594
2023-05-31,5.08,0.00014140061656675584
2023-06-01,5.14,0.00014307417174808101
2023-06-02,5.12,0.00014251631099737594
2023-06-05,5.09,0.0001416795367905621
2023-06-06,4.99,0.00013889043605597173
2023-06-07,4.91,0.00013665931786177588
2023-06-08,5.09,0.0001416795367905621
2023-06-09,5.09,0.0001416795367905621
2023-06-12,5.08,0.00014140061656675584
2023-06-13,5.03,0.00014000604928265936
2023-06-14,5.01,0.00013944823815825735
2023-06-15,5.02,0.0001397271425926938
2023-06-16,5.02,0.0001397271425926938
2023-06-19,5.02,0.0001397271425926938
2023-06-20,5.01,0.00013944823815825735
2023-06-21,5.0,0.00013916933597957204
2023-06-22,5.02,0.0001397271425926938
2023-06-23,5.01,0.00013944823815825735
2023-06-26,5.01,0.00013944823815825735
2023-06-27,5.0,0.00013916933597957204
2023-06-28,5.0,0.00013916933597957204
2023-06-29,5.09,0.0001416795367905621
2023-06-30,5.08,0.00014140061656675584
2023-07-03,5.1,0.00014195845927034156
2023-07-04,5.1,0.00014195845927034156
2023-07-05,5.1,0.00014195845927034156
2023-07-06,5.15,0.0001433531055072823
2023-07-07,5.16,0.00014363204152267883
2023-07-10,5.16,0.00014363204152267883
2023-07-11,5.16,0.00014363204152267883
2023-07-12,5.16,0.00014363204152267883
2023-07-13,5.21,0.00014502675544059151
2023-07-14,5.2,0.00014474780814466293
2023-07-17,5.19,0.00014446886310492957
2023-07-18,5.18,0.00014418992032139144
2023-07-19,5.17,0.00014391097979404854
2023-07-20,5.27,0.0001467004865978172
2023-07-21,5.26,0.0001464215257640511
2023-07-24,5.26,0.0001464215257640511
2023-07-25,5.28,0.00014697944968800059
2023-07-26,5.27,0.0001467004865978172
2023-07-27,5.27,0.0001467004865978172
2023-07-28,5.26,0.0001464215257640511
2023-07-31,5.27,0.0001467004865978172
2023-08-01,5.28,0.00014697944968800059
2023-08-02,5.27,0.0001467004865978172
2023-08-03,5.28,0.00014697944968800059
2023-08-04,5.27,0.0001467004865978172
2023-08-07,5.27,0.0001467004865978172
2023-08-08,5.28,0.00014697944968800059
2023-08-09,5.25,0.00014614256718670227
2023-08-10,5.28,0.00014697944968800059
2023-08-11,5.28,0.00014697944968800059
2023-08-14,5.28,0.00014697944968800059
2023-08-15,5.27,0.0001467004865978172
2023-08-16,5.26,0.0001464215257640511
2023-08-17,5.28,0.00014697944968800059
2023-08-18,5.27,0.0001467004865978172
2023-08-21,5.28,0.00014697944968800059
2023-08-22,5.27,0.0001467004865978172
2023-08-23,5.28,0.00014697944968800059
2023-08-24,5.28,0.00014697944968800059
2023-08-25,5.29,0.0001472584150348233
2023-08-28,5.29,0.0001472584150348233
2023-08-29,5.27,0.0001467004865978172
2023-08-30,5.29,0.0001472584150348233
2023-08-31,5.28,0.00014697944968800059
2023-09-01,5.28,0.00014697944968800059
2023-09-04,5.28,0.00014697944968800059
2023-09-05,5.27,0.0001467004865978172
2023-09-06,5.28,0.00014697944968800059
2023-09-07,5.28,0.00014697944968800059
2023-09-08,5.28,0.00014697944968800059
2023-09-11,5.28,0.00014697944968800059
2023-09-12,5.28,0.00014697944968800059
2023-09-13,5.28,0.00014697944968800059
2023-09-14,5.28,0.00014697944968800059
2023-09-15,5.28,0.00014697944968800059
2023-09-18,5.29,0.0001472584150348233
2023-09-19,5.29,0.0001472584150348233
2023-09-20,5.29,0.0001472584150348233
2023-09-21,5.29,0.0001472584150348233
2023-09-22,5.29,0.0001472584150348233
2023-09-25,5.3,0.00014753738263806326
2023-09-26,5.3,0.00014753738263806326
2023-09-27,5.3,0.00014753738263806326
2023-09-28,5.29,0.0001472584150348233
2023-09-29,5.29,0.0001472584150348233
2023-10-02,5.29,0.0001472584150348233
2023-10-03,5.28,0.00014697944968800059
2023-10-04,5.29,0.0001472584150348233
2023-10-05,5.3,0.00014753738263806326
2023-10-06,5.32,0.0001480953246140171
2023-10-09,5.32,0.0001480953246140171
2023-10-10,5.33,0.00014837429898717502
2023-10-11,5.31,0.00014781635249772052
2023-10-12,5.34,0.00014865327561675024
2023-10-13,5.33,0.00014837429898717502
2023-10-16,5.31,0.00014781635249772052
2023-10-17,5.31,0.00014781635249772052
2023-10-18,5.3,0.00014753738263806326
2023-10-19,5.31,0.00014781635249772052
2023-10-20,5.29,0.0001472584150348233
2023-10-23,5.31,0.00014781635249772052
2023-10-24,5.3,0.00014753738263806326
2023-10-25,5.29,0.0001472584150348233
2023-10-26,5.3,0.00014753738263806326
2023-10-27,5.3,0.00014753738263806326
2023-10-30,5.29,0.0001472584150348233
2023-10-31,5.29,0.0001472584150348233
2023-11-01,5.29,0.0001472584150348233
2023-11-02,5.29,0.0001472584150348233
2023-11-03,5.29,0.0001472584150348233
2023-11-06,5.29,0.0001472584150348233
2023-11-07,5.29,0.0001472584150348233
2023-11-08,5.28,0.00014697944968800059
2023-11-09,5.29,0.0001472584150348233
2023-11-10,5.29,0.0001472584150348233
2023-11-13,5.29,0.0001472584150348233
2023-11-14,5.28,0.00014697944968800059
2023-11-15,5.28,0.00014697944968800059
2023-11-16,5.29,0.0001472584150348233
2023-11-17,5.29,0.0001472584150348233
2023-11-20,5.29,0.0001472584150348233
2023-11-21,5.28,0.00014697944968800059
2023-11-22,5.31,0.00014781635249772052
2023-11-23,5.31,0.00014781635249772052
2023-11-24,5.31,0.00014781635249772052
2023-11-27,5.3,0.00014753738263806326
2023-11-28,5.3,0.00014753738263806326
2023-11-29,5.29,0.0001472584150348233
2023-11-30,5.29,0.0001472584150348233
2023-12-01,5.29,0.0001472584150348233
2023-12-04,5.29,0.0001472584150348233
2023-12-05,5.28,0.00014697944968800059
2023-12-06,5.27,0.0001467004865978172
2023-12-07,5.26,0.0001464215257640511
2023-12-08,5.28,0.00014697944968800059
2023-12-11,5.28,0.00014697944968800059
2023-12-12,5.27,0.0001467004865978172
2023-12-13,5.26,0.0001464215257640511
2023-12-14,5.28,0.00014697944968800059
2023-12-15,5.27,0.0001467004865978172
2023-12-18,5.25,0.00014614256718670227
2023-12-19,5.24,0.0001458636108657707
2023-12-20,5.24,0.0001458636108657707
2023-12-21,5.27,0.0001467004865978172
2023-12-22,5.27,0.0001467004865978172
2023-12-25,5.27,0.0001467004865978172
2023-12-26,5.27,0.0001467004865978172
2023-12-27,5.28,0.00014697944968800059
2023-12-28,5.31,0.00014781635249772052
2023-12-29,5.33,0.00014837429898717502
2024-01-01,5.33,0.00014837429898717502
2024-01-02,5.28,0.00014697944968800059
2024-01-03,5.27,0.0001467004865978172
2024-01-04,5.29,0.0001472584150348233
2024-01-05,5.28,0.00014697944968800059
2024-01-08,5.28,0.00014697944968800059
2024-01-09,5.28,0.00014697944968800059
2024-01-10,5.27,0.0001467004865978172
2024-01-11,5.28,0.00014697944968800059
2024-01-12,5.28,0.00014697944968800059
2024-01-15,5.28,0.00014697944968800059
2024-01-16,5.29,0.0001472584150348233
2024-01-17,5.29,0.0001472584150348233
2024-01-18,5.26,0.0001464215257640511
2024-01-19,5.28,0.00014697944968800059
2024-01-22,5.27,0.0001467004865978172
2024-01-23,5.28,0.00014697944968800059
2024-01-24,5.27,0.0001467004865978172
2024-01-25,5.28,0.00014697944968800059
2024-01-26,5.27,0.0001467004865978172
2024-01-29,5.27,0.0001467004865978172
2024-01-30,5.27,0.0001467004865978172
2024-01-31,5.27,0.0001467004865978172
2024-02-01,5.28,0.00014697944968800059
2024-02-02,5.28,0.00014697944968800059
2024-02-05,5.28,0.00014697944968800059
2024-02-06,5.27,0.0001467004865978172
2024-02-07,5.26,0.0001464215257640511
2024-02-08,5.28,0.00014697944968800059
2024-02-09,5.28,0.00014697944968800059
2024-02-12,5.28,0.00014697944968800059
2024-02-13,5.27,0.0001467004865978172
2024-02-14,5.28,0.00014697944968800059
2024-02-15,5.28,0.00014697944968800059
2024-02-16,5.28,0.00014697944968800059
2024-02-19,5.28,0.00014697944968800059
2024-02-20,5.29,0.0001472584150348233
2024-02-21,5.29,0.0001472584150348233
2024-02-22,5.28,0.00014697944968800059
2024-02-23,5.29,0.0001472584150348233
2024-02-26,5.29,0.0001472584150348233
2024-02-27,5.3,0.00014753738263806326
2024-02-28,5.29,0.0001472584150348233
2024-02-29,5.3,0.00014753738263806326
2024-03-01,5.3,0.00014753738263806326
2024-03-04,5.28,0.00014697944968800059
2024-03-05,5.27,0.0001467004865978172
2024-03-06,5.27,0.0001467004865978172
2024-03-07,5.28,0.00014697944968800059
2024-03-08,5.28,0.00014697944968800059
2024-03-11,5.27,0.0001467004865978172
2024-03-12,5.29,0.0001472584150348233
2024-03-13,5.29,0.0001472584150348233
2024-03-14,5.29,0.0001472584150348233
2024-03-15,5.29,0.0001472584150348233
2024-03-18,5.29,0.0001472584150348233
2024-03-19,5.29,0.0001472584150348233
2024-03-20,5.27,0.0001467004865978172
2024-03-21,5.27,0.0001467004865978172
2024-03-22,5.27,0.0001467004865978172
2024-03-25,5.28,0.00014697944968800059
2024-03-26,5.27,0.0001467004865978172
2024-03-27,5.27,0.0001467004865978172
2024-03-28,5.29,0.0001472584150348233
2024-03-29,5.29,0.0001472584150348233
2024-04-01,5.29,0.0001472584150348233
2024-04-02,5.29,0.0001472584150348233
2024-04-03,5.27,0.0001467004865978172
2024-04-04,5.26,0.0001464215257640511
2024-04-05,5.27,0.0001467004865978172
2024-04-08,5.27,0.0001467004865978172
2024-04-09,5.27,0.0001467004865978172
2024-04-10,5.28,0.00014697944968800059
2024-04-11,5.28,0.00014697944968800059
2024-04-12,5.28,0.00014697944968800059
2024-04-15,5.29,0.0001472584150348233
2024-04-16,5.29,0.0001472584150348233
2024-04-17,5.29,0.0001472584150348233
2024-04-18,5.28,0.00014697944968800059
2024-04-19,5.28,0.00014697944968800059
2024-04-22,5.28,0.00014697944968800059
2024-04-23,5.29,0.0001472584150348233
2024-04-24,5.28,0.00014697944968800059
2024-04-25,5.28,0.00014697944968800059
2024-04-26,5.28,0.00014697944968800059
2024-04-29,5.28,0.00014697944968800059
2024-04-30,5.28,0.00014697944968800059
2024-05-01,5.26,0.0001464215257640511
2024-05-02,5.27,0.0001467004865978172
2024-05-03,5.28,0.00014697944968800059
2024-05-06,5.28,0.00014697944968800059
2024-05-07,5.28,0.00014697944968800059
2024-05-08,5.28,0.00014697944968800059
2024-05-09,5.27,0.0001467004865978172
2024-05-10,5.27,0.0001467004865978172
2024-05-13,5.27,0.0001467004865978172
2024-05-14,5.27,0.0001467004865978172
2024-05-15,5.26,0.0001464215257640511
2024-05-16,5.27,0.0001467004865978172
2024-05-17,5.27,0.0001467004865978172
2024-05-20,5.27,0.0001467004865978172
2024-05-21,5.27,0.0001467004865978172
2024-05-22,5.26,0.0001464215257640511
2024-05-23,5.27,0.0001467004865978172
2024-05-24,5.32,0.0001480953246140171
2024-05-27,5.32,0.0001480953246140171
2024-05-28,5.27,0.0001467004865978172
2024-05-29,5.27,0.0001467004865978172
2024-05-30,5.28,0.00014697944968800059
2024-05-31,5.27,0.0001467004865978172
2024-06-03,5.28,0.00014697944968800059
2024-06-04,5.28,0.00014697944968800059
2024-06-05,5.28,0.00014697944968800059
2024-06-06,5.27,0.0001467004865978172
2024-06-07,5.27,0.0001467004865978172
2024-06-10,5.27,0.0001467004865978172
2024-06-11,5.26,0.0001464215257640511
2024-06-12,5.26,0.0001464215257640511
2024-06-13,5.27,0.0001467004865978172
2024-06-14,5.26,0.0001464215257640511
2024-06-17,5.25,0.00014614256718670227
2024-06-18,5.2,0.00014474780814466293
2024-06-19,5.2,0.00014474780814466293
2024-06-20,5.22,0.00014530570499271533
2024-06-21,5.22,0.00014530570499271533
2024-06-24,5.22,0.00014530570499271533
2024-06-25,5.23,0.00014558465680103438
2024-06-26,5.24,0.0001458636108657707
2024-06-27,5.27,0.0001467004865978172
2024-06-28,5.27,0.0001467004865978172
2024-07-01,5.28,0.00014697944968800059
2024-07-02,5.28,0.00014697944968800059
2024-07-03,5.28,0.00014697944968800059
2024-07-04,5.28,0.00014697944968800059
2024-07-05,5.28,0.00014697944968800059
2024-07-08,5.27,0.0001467004865978172
2024-07-09,5.24,0.0001458636108657707
2024-07-10,5.24,0.0001458636108657707
2024-07-11,5.28,0.00014697944968800059
2024-07-12,5.27,0.0001467004865978172
2024-07-15,5.28,0.00014697944968800059
2024-07-16,5.27,0.0001467004865978172
2024-07-17,5.25,0.00014614256718670227
2024-07-18,5.27,0.0001467004865978172
2024-07-19,5.28,0.00014697944968800059
2024-07-22,5.28,0.00014697944968800059
2024-07-23,5.28,0.00014697944968800059
2024-07-24,5.29,0.0001472584150348233
2024-07-25,5.29,0.0001472584150348233
2024-07-26,5.28,0.00014697944968800059
2024-07-29,5.29,0.0001472584150348233
2024-07-30,5.29,0.0001472584150348233
2024-07-31,5.28,0.00014697944968800059
2024-08-01,5.28,0.00014697944968800059
2024-08-02,5.27,0.0001467004865978172
2024-08-05,5.26,0.0001464215257640511
2024-08-06,5.24,0.0001458636108657707
2024-08-07,5.25,0.00014614256718670227
2024-08-08,5.29,0.0001472584150348233
2024-08-09,5.28,0.00014697944968800059
2024-08-12,5.27,0.0001467004865978172
2024-08-13,5.23,0.00014558465680103438
2024-08-14,5.24,0.0001458636108657707
2024-08-15,5.26,0.0001464215257640511
2024-08-16,5.27,0.0001467004865978172
2024-08-19,5.26,0.0001464215257640511
2024-08-20,5.23,0.00014558465680103438
2024-08-21,5.21,0.00014502675544059151
2024-08-22,5.24,0.0001458636108657707
2024-08-23,5.25,0.00014614256718670227
2024-08-26,5.24,0.0001458636108657707
2024-08-27,5.24,0.0001458636108657707
2024-08-28,5.23,0.00014558465680103438
2024-08-29,5.18,0.00014418992032139144
2024-08-30,5.18,0.00014418992032139144
2024-09-02,5.18,0.00014418992032139144
2024-09-03,5.16,0.00014363204152267883
2024-09-04,5.11,0.0001422373840060942
2024-09-05,5.08,0.00014140061656675584
2024-09-06,5.06,0.00014084278288595264
2024-09-09,5.03,0.00014000604928265936
2024-09-10,4.97,0.00013833264297558046
2024-09-11,5.0,0.00013916933597957204
2024-09-12,4.97,0.00013833264297558046
2024-09-13,4.94,0.00013749597027001847
2024-09-16,4.9,0.00013638043823593904
2024-09-17,4.84,0.00013470720783770318
2024-09-18,4.71,0.00013108215377810595
2024-09-19,4.69,0.000130524486972039
2024-09-20,4.68,0.00013024565695052281
2024-09-23,4.66,0.00012968800367052502
2024-09-24,4.59,0.00012773628819773286
2024-09-25,4.6,0.00012801509793147758
2024-09-26,4.7,0.00013080331924775201
2024-09-27,4.71,0.00013108215377810595
2024-09-30,4.74,0.00013191867089545894
2024-10-01,4.76,0.00013247636024638076
2024-10-02,4.73,0.0001316398296018484
2024-10-03,4.76,0.00013247636024638076
2024-10-04,4.78,0.00013303405861586626
2024-10-07,4.78,0.00013303405861586626
2024-10-08,4.75,0.00013219751444371042
2024-10-09,4.72,0.0001313609905626567
2024-10-10,4.76,0.00013247636024638076
2024-10-11,4.75,0.00013219751444371042
2024-10-14,4.75,0.00013219751444371042
2024-10-15,4.72,0.0001313609905626567
2024-10-16,4.71,0.00013108215377810595
2024-10-17,4.71,0.00013108215377810595
2024-10-18,4.7,0.00013080331924775201
2024-10-21,4.7,0.00013080331924775201
2024-10-22,4.68,0.00013024565695052281
2024-10-23,4.67,0.0001299668291834255
2024-10-24,4.66,0.00012968800367052502
2024-10-25,4.67,0.0001299668291834255
2024-10-28,4.66,0.00012968800367052502
2024-10-29,4.67,0.0001299668291834255
2024-10-30,4.67,0.0001299668291834255
2024-10-31,4.58,0.00012745748071796292
2024-11-01,4.57,0.00012717867549194573
2024-11-04,4.56,0.00012689987252012536
2024-11-05,4.54,0.00012634227333796488
2024-11-06,4.5,0.00012522710201934295
2024-11-07,4.51,0.00012550589146842484
2024-11-08,4.51,0.00012550589146842484
2024-11-11,4.51,0.00012550589146842484
2024-11-12,4.52,0.00012578468317103741
2024-11-13,4.51,0.00012550589146842484
2024-11-14,4.52,0.00012578468317103741
2024-11-15,4.52,0.00012578468317103741
2024-11-18,4.52,0.00012578468317103741
2024-11-19,4.49,0.0001249483148240138
2024-11-20,4.5,0.00012522710201934295
2024-11-21,4.54,0.00012634227333796488
2024-11-22,4.53,0.00012606347712762478
2024-11-25,4.56,0.00012689987252012536
2024-11-26,4.56,0.00012689987252012536
2024-11-27,4.55,0.00012662107180205773
2024-11-28,4.55,0.00012662107180205773
2024-11-29,4.55,0.00012662107180205773
2024-12-02,4.55,0.00012662107180205773
2024-12-03,4.47,0.0001243907471939476
2024-12-04,4.46,0.0001241119667594326
2024-12-05,4.39,0.0001221605668149106
2024-12-06,4.37,0.00012160304425368196
2024-12-09,4.37,0.00012160304425368196
2024-12-10,4.34,0.0001207667773108767
2024-12-11,4.3,0.00011965178626383022
2024-12-12,4.24,0.00011797936728163982
2024-12-13,4.24,0.00011797936728163982
2024-12-16,4.24,0.00011797936728163982
2024-12-17,4.27,0.00011881556663495552
2024-12-18,4.25,0.00011825809814669519
2024-12-19,4.23,0.00011770063866944902
2024-12-20,4.24,0.00011797936728163982
2024-12-23,4.25,0.00011825809814669519
2024-12-24,4.25,0.00011825809814669519
2024-12-25,4.25,0.00011825809814669519
2024-12-26,4.26,0.00011853683126439307
2024-12-27,4.25,0.00011825809814669519
2024-12-30,4.25,0.00011825809814669519
2024-12-31,4.22,0.00011742191230990073
2025-01-01,4.22,0.00011742191230990073
2025-01-02,4.26,0.00011853683126439307
2025-01-03,4.25,0.00011825809814669519
2025-01-06,4.24,0.00011797936728163982
2025-01-07,4.24,0.00011797936728163982
2025-01-08,4.24,0.00011797936728163982
2025-01-09,4.25,0.00011825809814669519
2025-01-10,4.24,0.00011797936728163982
2025-01-13,4.24,0.00011797936728163982
2025-01-14,4.24,0.00011797936728163982
2025-01-15,4.23,0.00011770063866944902
2025-01-16,4.24,0.00011797936728163982
2025-01-17,4.24,0.00011797936728163982
2025-01-20,4.24,0.00011797936728163982
2025-01-21,4.24,0.00011797936728163982
2025-01-22,4.25,0.00011825809814669519
2025-01-23,4.26,0.00011853683126439307
2025-01-24,4.26,0.00011853683126439307
2025-01-27,4.26,0.00011853683126439307
2025-01-28,4.27,0.00011881556663495552
2025-01-29,4.26,0.00011853683126439307
2025-01-30,4.25,0.00011825809814669519
2025-01-31,4.26,0.00011853683126439307
2025-02-03,4.25,0.00011825809814669519
2025-02-04,4.24,0.00011797936728163982
2025-02-05,4.23,0.00011770063866944902
2025-02-06,4.25,0.00011825809814669519
2025-02-07,4.25,0.00011825809814669519
2025-02-10,4.27,0.00011881556663495552
2025-02-11,4.27,0.00011881556663495552
2025-02-12,4.26,0.00011853683126439307
2025-02-13,4.25,0.00011825809814669519
2025-02-14,4.26,0.00011853683126439307
2025-02-17,4.26,0.00011853683126439307
2025-02-18,4.26,0.00011853683126439307
2025-02-19,4.26,0.00011853683126439307
2025-02-20,4.25,0.00011825809814669519
2025-02-21,4.25,0.00011825809814669519
2025-02-24,4.24,0.00011797936728163982
2025-02-25,4.23,0.00011770063866944902
2025-02-26,4.23,0.00011770063866944902
2025-02-27,4.24,0.00011797936728163982
2025-02-28,4.24,0.00011797936728163982
2025-03-03,4.25,0.00011825809814669519
2025-03-04,4.25,0.00011825809814669519
2025-03-05,4.24,0.00011797936728163982
2025-03-06,4.24,0.00011797936728163982
2025-03-07,4.24,0.00011797936728163982
2025-03-10,4.24,0.00011797936728163982
2025-03-11,4.23,0.00011770063866944902
2025-03-12,4.22,0.00011742191230990073
2025-03-13,4.23,0.00011770063866944902
2025-03-14,4.23,0.00011770063866944902
2025-03-17,4.24,0.00011797936728163982
2025-03-18,4.24,0.00011797936728163982
2025-03-19,4.23,0.00011770063866944902
2025-03-20,4.22,0.00011742191230990073
2025-03-21,4.22,0.00011742191230990073
2025-03-24,4.22,0.00011742191230990073
2025-03-25,4.22,0.00011742191230990073
2025-03-26,4.22,0.00011742191230990073
2025-03-27,4.23,0.00011770063866944902
2025-03-28,4.24,0.00011797936728163982
2025-03-31,4.24,0.00011797936728163982
2025-04-01,4.24,0.00011797936728163982
2025-04-02,4.24,0.00011797936728163982
2025-04-03,4.24,0.00011797936728163982
2025-04-04,4.24,0.00011797936728163982
2025-04-07,4.24,0.00011797936728163982
2025-04-08,4.24,0.00011797936728163982
2025-04-09,4.24,0.00011797936728163982
2025-04-10,4.25,0.00011825809814669519
2025-04-11,4.25,0.00011825809814669519
2025-04-14,4.23,0.00011770063866944902
2025-04-15,4.23,0.00011770063866944902
2025-04-16,4.23,0.00011770063866944902
2025-04-17,4.25,0.00011825809814669519
2025-04-18,4.25,0.00011825809814669519
2025-04-21,4.24,0.00011797936728163982
2025-04-22,4.21,0.00011714318820321701
2025-04-23,4.21,0.00011714318820321701
2025-04-24,4.23,0.00011770063866944902
2025-04-25,4.23,0.00011770063866944902
2025-04-28,4.23,0.00011770063866944902
2025-04-29,4.24,0.00011797936728163982
2025-04-30,4.23,0.00011770063866944902
2025-05-01,4.24,0.00011797936728163982
2025-05-02,4.24,0.00011797936728163982
2025-05-05,4.24,0.00011797936728163982
2025-05-06,4.23,0.00011770063866944902
2025-05-07,4.22,0.00011742191230990073
2025-05-08,4.23,0.00011770063866944902
2025-05-09,4.23,0.00011770063866944902
2025-05-12,4.24,0.00011797936728163982
2025-05-13,4.25,0.00011825809814669519
2025-05-14,4.25,0.00011825809814669519
2025-05-15,4.23,0.00011770063866944902
2025-05-16,4.23,0.00011770063866944902
2025-05-19,4.23,0.00011770063866944902
2025-05-20,4.22,0.00011742191230990073
2025-05-21,4.21,0.00011714318820321701
2025-05-22,4.23,0.00011770063866944902
2025-05-23,4.22,0.00011742191230990073
2025-05-26,4.22,0.00011742191230990073
2025-05-27,4.22,0.00011742191230990073
2025-05-28,4.21,0.00011714318820321701
2025-05-29,4.22,0.00011742191230990073
2025-05-30,4.22,0.00011742191230990073
2025-06-02,4.22,0.00011742191230990073
2025-06-03,4.21,0.00011714318820321701
2025-06-04,4.21,0.00011714318820321701
2025-06-05,4.15,0.00011547089086660911
2025-06-06,4.17,0.0001160283143020191
2025-06-09,4.18,0.00011630702939857684
2025-06-10,4.17,0.0001160283143020191
2025-06-11,4.18,0.00011630702939857684
2025-06-12,4.07,0.00011324128721934557
2025-06-13,4.12,0.00011463477260664767
2025-06-16,4.13,0.00011491347644110306
2025-06-17,4.12,0.00011463477260664767
2025-06-18,4.1,0.00011407737169522036
2025-06-19,4.1,0.00011407737169522036
2025-06-20,4.09,0.00011379867461758231
2025-06-23,4.08,0.00011351997979258677
2025-06-24,4.05,0.00011268390882990253
2025-06-25,4.04,0.00011240522301303457
2025-06-26,4.01,0.00011156917907495512
2025-06-27,4.08,0.00011351997979258677
2025-06-30,4.16,0.00011574960145810387
2025-07-01,4.18,0.00011630702939857684
2025-07-02,4.17,0.0001160283143020191
2025-07-03,4.23,0.00011770063866944902
2025-07-04,4.23,0.00011770063866944902
2025-07-07,4.25,0.00011825809814669519
2025-07-08,4.23,0.00011770063866944902
2025-07-09,4.23,0.00011770063866944902
2025-07-10,4.25,0.00011825809814669519
2025-07-11,4.25,0.00011825809814669519
2025-07-14,4.25,0.00011825809814669519
2025-07-15,4.24,0.00011797936728163982
2025-07-16,4.24,0.00011797936728163982
2025-07-17,4.24,0.00011797936728163982
2025-07-18,4.24,0.00011797936728163982
2025-07-21,4.23,0.00011770063866944902
2025-07-22,4.23,0.00011770063866944902
2025-07-23,4.22,0.00011742191230990073
2025-07-24,4.25,0.00011825809814669519
2025-07-25,4.26,0.00011853683126439307
2025-07-28,4.27,0.00011881556663495552
2025-07-29,4.26,0.00011853683126439307
2025-07-30,4.27,0.00011881556663495552
2025-07-31,4.3,0.00011965178626383022
2025-08-01,4.29,0.00011937304413467409
2025-08-04,4.3,0.00011965178626383022
2025-08-05,4.29,0.00011937304413467409
2025-08-06,4.29,0.00011937304413467409
2025-08-07,4.29,0.00011937304413467409
2025-08-08,4.29,0.00011937304413467409
2025-08-11,4.28,0.00011909430425838252
2025-08-12,4.24,0.00011797936728163982
2025-08-13,4.24,0.00011797936728163982
2025-08-14,4.28,0.00011909430425838252
2025-08-15,4.28,0.00011909430425838252
2025-08-18,4.28,0.00011909430425838252
2025-08-19,4.27,0.00011881556663495552
2025-08-20,4.27,0.00011881556663495552
2025-08-21,4.3,0.00011965178626383022
2025-08-22,4.28,0.00011909430425838252
2025-08-25,4.28,0.00011909430425838252
2025-08-26,4.24,0.00011797936728163982
2025-08-27,4.24,0.00011797936728163982
2025-08-28,4.25,0.00011825809814669519
2025-08-29,4.25,0.00011825809814669519
2025-09-01,4.25,0.00011825809814669519
2025-09-02,4.24,0.00011797936728163982
2025-09-03,4.19,0.00011658574674755506
2025-09-04,4.17,0.0001160283143020191
2025-09-05,4.14,0.00011519218252775687
2025-09-08,4.11,0.0001143560710248348
2025-09-09,4.09,0.00011379867461758231
2025-09-10,4.08,0.00011351997979258677
2025-09-11,4.07,0.00011324128721934557
2025-09-12,4.09,0.00011379867461758231
2025-09-15,4.07,0.00011324128721934557
2025-09-16,4.04,0.00011240522301303457
2025-09-17,4.02,0.00011184785813567188
2025-09-18,4.04,0.00011240522301303457
2025-09-19,4.04,0.00011240522301303457
2025-09-22,4.02,0.00011184785813567188
2025-09-23,4.01,0.00011156917907495512
2025-09-24,4.02,0.00011184785813567188
2025-09-25,4.08,0.00011351997979258677
2025-09-26,4.07,0.00011324128721934557
2025-09-29,4.06,0.00011296259689852484
2025-09-30,4.05,0.00011268390882990253
2025-10-01,4.02,0.00011184785813567188
2025-10-02,4.05,0.00011268390882990253
2025-10-03,4.06,0.00011296259689852484
2025-10-06,4.06,0.00011296259689852484
2025-10-07,4.03,0.00011212653944836504
2025-10-08,4.03,0.00011212653944836504
2025-10-09,4.03,0.00011212653944836504
2025-10-10,4.02,0.00011184785813567188
2025-10-13,4.02,0.00011184785813567188
2025-10-14,4.02,0.00011184785813567188
2025-10-15,4.03,0.00011212653944836504
2025-10-16,4.03,0.00011212653944836504
2025-10-17,4.01,0.00011156917907495512
2025-10-20,3.98,0.00011073315540444106
2025-10-21,3.95,0.00010989715200016015
2025-10-22,3.95,0.00010989715200016015
2025-10-23,3.95,0.00010989715200016015
2025-10-24,3.94,0.00010961848870216784
2025-10-27,3.94,0.00010961848870216784
2025-10-28,3.91,0.00010878251231827285
2025-10-29,3.87,0.00010766790866156839
2025-10-30,3.91,0.00010878251231827285
2025-10-31,3.91,0.00010878251231827285
2025-11-03,3.92,0.00010906116886122419
2025-11-04,3.88,0.00010794655619839055
2025-11-05,3.85,0.00010711062034185481
2025-11-06,3.87,0.00010766790866156839
2025-11-07,3.86,0.00010738926337605648
2025-11-10,3.9,0.0001085038580268538
2025-11-11,3.9,0.0001085038580268538
2025-11-12,3.88,0.00010794655619839055
2025-11-13,3.9,0.0001085038580268538
2025-11-14,3.89,0.00010822520598696705
2025-11-17,3.9,0.0001085038580268538
2025-11-18,3.88,0.00010794655619839055
2025-11-19,3.87,0.00010766790866156839
2025-11-20,3.9,0.0001085038580268538
2025-11-21,3.89,0.00010822520598696705
2025-11-24,3.89,0.00010822520598696705
2025-11-25,3.9,0.0001085038580268538
2025-11-26,3.92,0.00010906116886122419
2025-11-27,3.92,0.00010906116886122419
2025-11-28,3.91,0.00010878251231827285
2025-12-01,3.85,0.00010711062034185481
2025-12-02,3.78,0.0001051601821389081
2025-12-03,3.71,0.00010320985424039364
2025-12-04,3.68,0.00010237403319024452
2025-12-05,3.66,0.00010181683041055045
2025-12-08,3.67,0.0001020954306749644
2025-12-09,3.66,0.00010181683041055045
2025-12-10,3.64,0.00010125963663365489
2025-12-11,3.62,0.00010070245185911375
2025-12-12,3.61,0.00010042386284769833
2025-12-15,3.62,0.00010070245185911375
2025-12-16,3.61,0.00010042386284769833
2025-12-17,3.58,9.958810931620654e-05
2025-12-18,3.56,9.903095154739638e-05
2025-12-19,3.57,9.930952930670145e-05
2025-12-22,3.57,9.930952930670145e-05
2025-12-23,3.56,9.903095154739638e-05
2025-12-24,3.58,9.958810931620654e-05
2025-12-25,3.58,9.958810931620654e-05
2025-12-26,3.56,9.903095154739638e-05
2025-12-29,3.54,9.847380277960838e-05
2025-12-30,3.5,9.735953224709881e-05
2025-12-31,3.59,9.986669157635575e-05
2026-01-01,3.59,9.986669157635575e-05
2026-01-02,3.58,9.958810931620654e-05
2026-01-05,3.57,9.930952930670145e-05
2026-01-06,3.55,9.875237603829135e-05
2026-01-07,3.55,9.875237603829135e-05
2026-01-08,3.56,9.903095154739638e-05
2026-01-09,3.56,9.903095154739638e-05
2026-01-12,3.57,9.930952930670145e-05
2026-01-13,3.57,9.930952930670145e-05
2026-01-14,3.57,9.930952930670145e-05
2026-01-15,3.6,0.00010014527608670498
2026-01-16,3.6,0.00010014527608670498
2026-01-19,3.6,0.00010014527608670498
2026-01-20,3.61,0.00010042386284769833
2026-01-21,3.62,0.00010070245185911375
2026-01-22,3.64,0.00010125963663365489
2026-01-23,3.63,0.00010098104312117329
2026-01-26,3.63,0.00010098104312117329
2026-01-27,3.63,0.00010098104312117329
2026-01-28,3.64,0.00010125963663365489
2026-01-29,3.64,0.00010125963663365489
2026-01-30,3.63,0.00010098104312117329
2026-02-02,3.63,0.00010098104312117329
2026-02-03,3.63,0.00010098104312117329
2026-02-04,3.63,0.00010098104312117329
2026-02-05,3.64,0.00010125963663365489
2026-02-06,3.63,0.00010098104312117329
2026-02-09,3.63,0.00010098104312117329
2026-02-10,3.63,0.00010098104312117329
2026-02-11,3.63,0.00010098104312117329
2026-02-12,3.64,0.00010125963663365489
2026-02-13,3.63,0.00010098104312117329
2026-02-16,3.63,0.00010098104312117329
2026-02-17,3.63,0.00010098104312117329
2026-02-18,3.63,0.00010098104312117329
2026-02-19,3.63,0.00010098104312117329
2026-02-20,3.63,0.00010098104312117329
2026-02-23,3.63,0.00010098104312117329
2026-02-24,3.63,0.00010098104312117329
2026-02-25,3.62,0.00010070245185911375
2026-02-26,3.64,0.00010125963663365489
2026-02-27,3.63,0.00010098104312117329
2026-03-02,3.64,0.00010125963663365489
2026-03-03,3.64,0.00010125963663365489
2026-03-04,3.64,0.00010125963663365489
2026-03-05,3.65,0.00010153823239678061
2026-03-06,3.64,0.00010125963663365489
2026-03-09,3.64,0.00010125963663365489
2026-03-10,3.64,0.00010125963663365489
2026-03-11,3.64,0.00010125963663365489
2026-03-12,3.65,0.00010153823239678061
2026-03-13,3.64,0.00010125963663365489
2026-03-16,3.65,0.00010153823239678061
2026-03-17,3.64,0.00010125963663365489
2026-03-18,3.63,0.00010098104312117329
2026-03-19,3.63,0.00010098104312117329
2026-03-20,3.62,0.00010070245185911375
2026-03-23,3.62,0.00010070245185911375
2026-03-24,3.63,0.00010098104312117329
2026-03-25,3.63,0.00010098104312117329
2026-03-26,3.63,0.00010098104312117329
2026-03-27,3.63,0.00010098104312117329
2026-03-30,3.63,0.00010098104312117329
2026-03-31,3.64,0.00010125963663365489
