signal_method,position_sizing,drift_days,sigma_prior,ann_return,ann_vol,sharpe,sortino,max_drawdown,calmar,hit_rate,win_loss,sharpe_ci_low,sharpe_ci_high,ann_alpha,alpha_t,alpha_p,beta,beta_t,beta_p,n
default,equal,29,0.02,0.17089352058816165,0.19198520312265668,0.7470740130292297,1.2387154739228412,-0.21412462717595726,0.7981030619505977,0.5620641562064156,1.159952253286096,-0.052900487304005164,1.8583267943745672,-0.032272262377685226,-0.4267683180526663,0.6696672231117975,0.7057595007679509,29.353983448993567,0.0,773
shadow_sell,equal,45,0.05,0.1549560004096613,0.18129276390561208,0.7054426698903119,1.1362705356687004,-0.19564051378303837,0.7920445382877319,0.5515743756786102,1.1353513877073242,-0.03904078649223003,1.8383768012017783,-0.04647907895072572,-0.7414803943894522,0.4586234139958947,0.7277477538013337,36.477670948137416,0.0,789
shadow_sell,equal,45,0.02,0.1549560004096613,0.18129276390561208,0.7054426698903119,1.1362705356687004,-0.19564051378303837,0.7920445382877319,0.5515743756786102,1.1353513877073242,-0.03904078649223003,1.8383768012017783,-0.04647907895072572,-0.7414803943894522,0.4586234139958947,0.7277477538013337,36.477670948137416,0.0,789
default,equal,45,0.05,0.1595567163946916,0.19030974484961932,0.701682829003378,1.1295309684538692,-0.1994457376991451,0.8000006329309264,0.5586907449209932,1.147293837203851,-0.05700463849890876,1.8210367240388399,-0.054266159525097175,-0.864067569556035,0.38781404289472965,0.7838098001482665,39.21329858177882,0.0,789
default,equal,45,0.02,0.1595567163946916,0.19030974484961932,0.701682829003378,1.1295309684538692,-0.1994457376991451,0.8000006329309264,0.5586907449209932,1.147293837203851,-0.05700463849890876,1.8210367240388399,-0.054266159525097175,-0.864067569556035,0.38781404289472965,0.7838098001482665,39.21329858177882,0.0,789
shadow_sell,equal,29,0.02,0.14973581870109554,0.18126893731610488,0.679562592073933,1.127220560277157,-0.19429685477585368,0.7706548769090215,0.5522788203753352,1.136785135260788,-0.0973349257446724,1.8078212267620024,-0.02632522252339442,-0.33520854568610187,0.7375589585168609,0.6005556871393067,24.051594168007863,0.0,773
default,signal_weight,29,0.02,0.15269229611274082,0.189883269466812,0.6707212060142705,1.106888402793391,-0.22203401495568476,0.6876977662328735,0.5620641562064156,1.1294425903159946,-0.1280893863809884,1.7962161677026267,-0.047893053242222754,-0.646540985558865,0.5181214743531164,0.7039538672749291,29.889268580768523,0.0,773
shadow_sell,signal_weight,29,0.02,0.1468377933164542,0.18625879353044208,0.6527689935178755,1.0762545966160062,-0.21593621617335657,0.6800054012179726,0.5522788203753352,1.156044789000461,-0.14324848078114666,1.7804329846652518,-0.04628662414182161,-0.6205488595873585,0.5350798799897258,0.6743048912696646,28.43310814395367,0.0,773
default,signal_weight,45,0.02,0.14515162908466128,0.18764538873805223,0.6424470291357852,1.0210994558435191,-0.1924830880802334,0.7541006876622699,0.5586907449209932,1.1225999523611903,-0.1087030515866654,1.761322392680047,-0.06624282484144321,-1.0886266894554237,0.2766517917041642,0.7795956232529309,40.25442194068636,0.0,789
default,signal_weight,45,0.05,0.14515162908466128,0.18764538873805223,0.6424470291357852,1.0210994558435191,-0.1924830880802334,0.7541006876622699,0.5586907449209932,1.1225999523611903,-0.1087030515866654,1.761322392680047,-0.06624282484144321,-1.0886266894554237,0.2766517917041642,0.7795956232529309,40.25442194068636,0.0,789
shadow_sell,signal_weight,45,0.05,0.1436961328560975,0.18494739862505563,0.6422330719074797,1.0200443956561567,-0.19139309755630607,0.750790570249397,0.5515743756786102,1.1432229774925868,-0.10624355220544714,1.766660568600302,-0.06423952776099251,-1.0583165867190036,0.290235853166281,0.7638352033540825,39.53820983683335,0.0,789
shadow_sell,signal_weight,45,0.02,0.1436961328560975,0.18494739862505563,0.6422330719074797,1.0200443956561567,-0.19139309755630607,0.750790570249397,0.5515743756786102,1.1432229774925868,-0.10624355220544714,1.766660568600302,-0.06423952776099251,-1.0583165867190036,0.290235853166281,0.7638352033540825,39.53820983683335,0.0,789
default,equal,29,0.05,0.1276719987254782,0.1984916025089603,0.539392097166604,0.8766014157416576,-0.23896188918459327,0.5342776589234869,0.5610510046367851,1.1349761148293989,-0.23859129143567231,1.6525451601805212,-0.059512773649524904,-0.7336438366669901,0.4633906066541287,0.7079832900229384,27.39570391871208,0.0,767
shadow_sell,equal,21,0.02,0.11973942144450289,0.18991738361829125,0.5172121496045997,0.8831489173688533,-0.2896877171215292,0.41333965635232667,0.5538881309686221,1.0392253643108034,-0.2352203937460849,1.6265698236011414,-0.048224567019341816,-0.5515340497340733,0.5814291131446871,0.5763956472706363,20.79034342465046,0.0,765
shadow_sell,equal,21,0.05,0.1069026667480506,0.18297935155816566,0.4667660013956689,0.7982922920993013,-0.2969594884302633,0.3599907425525996,0.5479651162790697,1.0272458123725776,-0.2976724487404081,1.6008262243140425,-0.051644888343228675,-0.6034631464336545,0.5463799739672934,0.5393992078842054,19.87790875679128,0.0,765
default,signal_weight,29,0.05,0.1087278009543804,0.19619160260999494,0.45706429680372057,0.7371849030957798,-0.2451781138678979,0.44346454599517393,0.5610510046367851,1.1072891571754562,-0.31477184744188774,1.577427268116381,-0.07584030195323875,-0.9508137309819286,0.3419992327416508,0.7034497392597417,27.682979994489028,0.0,767
shadow_sell,equal,45,0.1,0.10230332773901885,0.17725050720182173,0.4541175649025026,0.7097949570265444,-0.2169733686902362,0.47150177165324386,0.547244094488189,1.1160318284726152,-0.3044202551792902,1.5670050994007072,-0.07684761525104244,-1.2028113888806882,0.22941382578797076,0.6957491805368962,34.14862778031143,0.0,783
shadow_sell,equal,29,0.05,0.1033005285800539,0.1872573146889767,0.44342559338963605,0.7201194132682678,-0.22937964272839506,0.450347412487561,0.5504451038575667,1.1156731764329382,-0.33115781175964165,1.553779603304699,-0.05964230483416619,-0.7197785674321538,0.47188118097145026,0.6063986071048385,22.971378729193237,0.0,767
shadow_sell,signal_weight,21,0.02,0.10635973732440274,0.2059189434430835,0.4337139122197679,0.7396536180366016,-0.3376677448568788,0.3149834088224315,0.5538881309686221,1.0478329030441678,-0.33465962622619455,1.524769224971659,-0.09043975914582233,-1.0404864005243881,0.29844356459644406,0.7074367064953554,25.668564382352994,0.0,765
default,equal,45,0.1,0.10188654749208204,0.19008889296973516,0.4336378679098941,0.6985268042768106,-0.2233609635462982,0.4561519876814241,0.5522388059701493,1.160078963641063,-0.3429666111221757,1.5263135023341943,-0.087118792640416,-1.2407160491290157,0.21508275722021608,0.7329349561621421,32.75075902746382,0.0,784
shadow_sell,signal_weight,29,0.05,0.10202517116113152,0.19247868953605934,0.430611137513893,0.693672451121397,-0.24295528202218397,0.419933949622119,0.5504451038575667,1.1370591627133761,-0.34193433380228055,1.5608182012898906,-0.07580104670423012,-0.9475317758910218,0.34366707913009686,0.6744290814412286,26.463010173822195,0.0,767
default,equal,21,0.02,0.10787221650736578,0.21560108178888082,0.42972496750138095,0.7369249489047962,-0.3401939997425678,0.3170902972686027,0.5560283687943263,1.0564508712660206,-0.3440746400298704,1.4981336155336984,-0.09910569489344995,-1.107360581611688,0.2684870339010019,0.7546845048291695,26.59456313220307,0.0,765
default,signal_weight,45,0.1,0.0975117428523804,0.18408087185614155,0.42009933493480456,0.6783055102210788,-0.21566545338833598,0.4521435460356128,0.5522388059701493,1.1503570475622196,-0.35335624175662345,1.5162147536345971,-0.09086911347855846,-1.3841530103153135,0.16670648580000136,0.7271097805313964,34.75066976734839,0.0,784
shadow_sell,signal_weight,45,0.1,0.0961528150576636,0.18333298938848466,0.4145733285221451,0.6430626646945754,-0.21493409595824586,0.44735952492313136,0.547244094488189,1.1406446164997421,-0.35122834690082033,1.5151303646760754,-0.09439350220182963,-1.5438013965232844,0.12304152792353751,0.7534902392460865,38.64384907412316,0.0,783
default,equal,45,0.2,0.09834240666005667,0.19500560708582926,0.41090846504141904,0.6696496154460544,-0.23706572377449864,0.4148318242480377,0.5493562231759657,1.2105337039584347,-0.3336161250529307,1.5142721509028358,-0.07554244517795863,-0.9534454838634857,0.34065977540176906,0.6926934981995466,27.430084422014705,0.0,782
default,signal_weight,21,0.02,0.1007906218510799,0.2148805210230398,0.40062785484405117,0.6837837249145561,-0.35513023176967873,0.28381312778926715,0.5560283687943263,1.0457746698754904,-0.37793563149198617,1.4758939679876057,-0.10666652994483926,-1.2055060891822051,0.22838170719568862,0.7586130986254049,27.039493803519417,0.0,765
shadow_sell,signal_weight,21,0.05,0.09180665961604251,0.19941629945565306,0.37489055915304864,0.6390689217597509,-0.3481369050027139,0.2637084959875967,0.5479651162790697,1.0321186215744356,-0.3904702109999794,1.4822919166969077,-0.09659326614095508,-1.1324682923722644,0.2577933615149903,0.6743823757411561,24.935747423198816,0.0,765
default,equal,21,0.05,0.09337310756405959,0.2084769817070639,0.37401444813683365,0.6422596624333277,-0.3498306308598199,0.26690946797473253,0.5493171471927162,1.0450155554132377,-0.3999226598761342,1.4566766172905723,-0.10512331843988003,-1.2009734587876844,0.23013418190795942,0.7206038110215084,25.963777629243786,0.0,765
default,equal,45,0.3,0.08562178378030927,0.20178479962807996,0.3460760988912202,0.5600646284892836,-0.24994372833905354,0.34256424175669514,0.537712895377129,1.1886126580753418,-0.39809502801210156,1.4528255972994295,-0.07439776972157004,-0.8313882102185348,0.406008789012025,0.6417898769888366,22.501838985232446,0.0,782
default,signal_weight,21,0.05,0.08636044327499648,0.2082832699757913,0.34330517433549596,0.5861951045298691,-0.3647520371170665,0.23676480043147574,0.5493171471927162,1.032636294259318,-0.4320356543942718,1.4288232197330015,-0.11297370865035725,-1.3017004793657319,0.19341166085861716,0.7260391393241832,26.383395674108765,0.0,765
default,signal_weight,45,0.2,0.08189849040315278,0.1913058388379118,0.33619709317534197,0.5494595386818873,-0.23065773195402062,0.35506501216910624,0.5493562231759657,1.1856054480793505,-0.42017072550066636,1.4450212935687368,-0.09047643050364769,-1.179711906684409,0.2384744946682278,0.6887786354467043,28.177429841875384,0.0,782
shadow_sell,equal,45,0.3,0.08008368049124281,0.18679024306863898,0.3316692901917832,0.526868662362192,-0.21564233750491946,0.37137271566357355,0.5306122448979592,1.1792513940128821,-0.4307722901106703,1.4623824729350379,-0.05920115721684138,-0.6959322567577982,0.48667593504446893,0.562842756408056,20.718766877632373,0.0,792
shadow_sell,signal_weight,45,0.3,0.07827944396819309,0.18388253096762203,0.3249279058502342,0.511797894494589,-0.22897289962528133,0.34187209096054133,0.5306122448979592,1.2189589928887254,-0.43922916962422576,1.4650171297657506,-0.06365689851742048,-0.7751775404073826,0.43846672231860206,0.5732973427392299,21.861285037530347,0.0,792
shadow_sell,signal_weight,45,0.2,0.07448922935497193,0.1900615377265033,0.3009844726227684,0.4911168099797993,-0.22999817647609466,0.3238687823366901,0.5423728813559322,1.1986111754163187,-0.4508867176586527,1.4077588372406835,-0.09569086226953123,-1.2485628311697636,0.21219963229706673,0.6803405908949871,27.85143151597188,0.0,782
default,equal,29,0.1,0.0744263683478763,0.2005731049254378,0.29465478677430723,0.4738766476049144,-0.29089385128461076,0.25585404441930776,0.5482866043613707,1.1885065799765429,-0.4858711607614991,1.4067942422705468,-0.12266149504933546,-1.6355156565930096,0.10235234584373476,0.7725020222094954,32.331842282105406,0.0,767
shadow_sell,equal,45,0.2,0.0721038627546986,0.19179998934063233,0.2884300286870825,0.469661635842955,-0.23401016882171854,0.3081227756800226,0.5423728813559322,1.1686903483378086,-0.45624706579767266,1.3816186146677651,-0.09322446202668037,-1.1637477624475836,0.24488210293909596,0.6609833914573303,25.888132652777006,0.0,782
default,signal_weight,45,0.3,0.0710059649522281,0.1984097273977666,0.2802389251003124,0.4518926563279122,-0.23223381092788886,0.30575205508846526,0.537712895377129,1.156275040939715,-0.465393175819854,1.3773986105009084,-0.08707485261858516,-0.9935440256938491,0.32075301792317457,0.6348731766137189,22.728069658837782,0.0,782
shadow_sell,equal,29,0.1,0.06166923456063911,0.1879337382448126,0.23782770703808584,0.3833243763348499,-0.2600682870067811,0.2371270840840011,0.5413533834586466,1.1682185118637725,-0.5423444507519456,1.34695875257447,-0.11429950995271855,-1.5002056575878087,0.13397371704114347,0.675742239798098,27.84016930059783,0.0,767
shadow_sell,equal,21,0.1,0.06056432827239533,0.1825094197026751,0.23324284886783406,0.3812539578252431,-0.29466457833459625,0.20553650735591159,0.5368098159509203,1.0673372146176556,-0.525069608643944,1.3570081526343187,-0.09732154691671141,-1.1886053545211686,0.2349677379924131,0.5821089243152278,22.377512552569613,0.0,759
default,equal,29,0.2,0.05860279115719669,0.20918967855474146,0.21998059911824921,0.34736743849666724,-0.333600721295767,0.1756674593795019,0.5286259541984732,1.1660470046878124,-0.5878784455122048,1.3196214080943327,-0.12349479406802535,-1.4179608070228549,0.15661100806329165,0.7318358845657551,26.419498749194997,0.0,764
default,signal_weight,29,0.1,0.05684480767777256,0.19740397863210546,0.21264296646953915,0.3393259361177295,-0.2959460860427293,0.1920782546506298,0.5482866043613707,1.1574829402957463,-0.5712778454687183,1.3392106435274345,-0.13837835753797537,-1.8961605563264667,0.058315369904002656,0.7665194216847382,32.96966044881994,0.0,767
default,equal,21,0.1,0.0565288791843821,0.20482333167133207,0.20974888333424205,0.3486386294261277,-0.3406481682984145,0.165945055471021,0.5384615384615384,1.096727036522297,-0.581341746599322,1.2813918458635207,-0.1326778507190001,-1.581463571317985,0.11418978064110363,0.7308679562199064,27.420701372615735,0.0,759
shadow_sell,signal_weight,29,0.1,0.05339783133899467,0.19339067309018454,0.19610398475196938,0.3129062983822308,-0.2870300724163868,0.18603566828193485,0.5413533834586466,1.175970772037843,-0.5833132241888933,1.316471242964062,-0.13596899165613488,-1.8607793356820277,0.06315881028365111,0.7390580429229713,31.748113170111914,0.0,767
shadow_sell,signal_weight,21,0.1,0.05284082537568757,0.19613601790997082,0.19257255056460681,0.3175577979933884,-0.33062226367569336,0.15982234465468126,0.5368098159509203,1.0861535269313727,-0.5867531856786011,1.2868994425203422,-0.1283021912112232,-1.577585258423072,0.115078687209059,0.6910576735133496,26.745574590125848,0.0,759
default,signal_weight,21,0.1,0.051005905328280754,0.20307385117627813,0.18402300963976312,0.3045328433225931,-0.34371514496618194,0.14839586231586976,0.5384615384615384,1.088718167509447,-0.6015915941037353,1.2560157844851814,-0.13827751186558124,-1.6769782158693218,0.09395958381039904,0.7309021050817953,27.90062618262157,0.0,759
default,signal_weight,29,0.2,0.03714727261802442,0.20314027155346281,0.11966196368338462,0.1864266813047006,-0.34410243854005373,0.10795411033886193,0.5286259541984732,1.1269834028571417,-0.6838994302222166,1.2293304193518915,-0.14171477018696016,-1.6890185630430192,0.09162497446829088,0.7167652348062499,26.859104855787777,0.0,764
shadow_sell,equal,21,0.2,0.03651535860374033,0.1773657469038048,0.10579377030082647,0.16472138241121861,-0.2885268910914136,0.12655790406784378,0.5355086372360844,1.1471756084508695,-0.635478002345897,1.2489196565497296,-0.11602569364918781,-1.4500183173235492,0.1474675878278371,0.560884235348767,22.063348325700577,0.0,759
shadow_sell,equal,29,0.2,0.028189184451402616,0.19150390532917982,0.06972665940399994,0.10884352172267264,-0.3186896478921394,0.08845340486536059,0.5191956124314442,1.1441379137840904,-0.7012363077582681,1.1797610896310045,-0.1320233047217229,-1.568893346843653,0.11708738635833482,0.6267490537275499,23.402076057414288,0.0,765
shadow_sell,signal_weight,29,0.2,0.021559033836031194,0.19710621954303506,0.04047856006135247,0.06251894357875848,-0.3408552302369924,0.06324982550815332,0.5191956124314442,1.1526234541306006,-0.7276194576941509,1.1603907915101133,-0.15126814093333182,-1.8361421712390869,0.06672556466280977,0.6865460720109412,26.184627514398358,0.0,765
shadow_sell,signal_weight,21,0.2,0.022788755661214966,0.18842918047400492,0.039405637570293896,0.06217447330699286,-0.3226025627033605,0.07064034293543316,0.5355086372360844,1.1689271783349493,-0.7147201353724925,1.1525412894581306,-0.15842023439670616,-2.1094569010053523,0.03523288862160001,0.6901112364257007,28.923974944764133,0.0,759
default,signal_weight,21,0.2,-0.007797029137957989,0.1977932933234289,-0.1062980346360999,-0.1635087573478091,-0.32427947251988876,-0.02404416498327621,0.548235294117647,1.157614314362845,-0.8858468720803849,1.0269503413416439,-0.18731858798264306,-2.184575736751836,0.029223995294211935,0.6575643893528785,24.199505269067384,0.0,764
default,equal,29,0.3,-0.013433015258487835,0.21019897195346915,-0.11542673265175275,-0.17989477655284974,-0.34078831299273105,-0.03941747632282906,0.5272206303724928,1.050930230451564,-0.8678256748492004,1.0114978255185703,-0.22490542339749856,-2.75648432194877,0.005981959809677528,0.7869950295298169,30.28719620006749,0.0,766
default,equal,21,0.2,-0.01491382641372585,0.19698117213079913,-0.14407370999558372,-0.22061262075690602,-0.31846072102072565,-0.04683097609628048,0.548235294117647,1.158331085598316,-0.934462074444325,0.9937790898232154,-0.19334198117120546,-2.257347184684859,0.024268725128484103,0.6523016771952432,24.03270533050361,0.0,764
default,signal_weight,29,0.3,-0.019040245370408715,0.20891368643461444,-0.144666582575684,-0.22469057293837325,-0.34645297659039853,-0.05495766137671103,0.5272206303724928,1.0573067818114568,-0.9054057665092146,0.9858236188749475,-0.22981911260148905,-2.8371300248090656,0.004672660056078026,0.7828909669152817,30.347705544176705,0.0,766
shadow_sell,signal_weight,29,0.3,-0.024451106129948164,0.20202884557198664,-0.1838541079658503,-0.2839543055222593,-0.3435776355810759,-0.0711661749711829,0.5151515151515151,1.0912907042773081,-0.9380230985714599,0.9564008692369725,-0.22949414722683922,-2.917544004078035,0.003631494601960661,0.754470689605604,30.117551130990194,0.0,766
default,signal_weight,21,0.3,-0.03384882869347272,0.2256987173257755,-0.18483976214867354,-0.28162307359038574,-0.3848178227063497,-0.0879606574753228,0.514018691588785,1.2064577920728887,-0.985902213519995,0.9309017294144841,-0.18834395002466806,-1.6726495843981684,0.09480894704610554,0.5752216994496729,16.115616318254386,0.0,760
default,equal,21,0.3,-0.03825444765083097,0.22388621822371246,-0.2085704308155589,-0.31710603173099056,-0.38770441350813145,-0.09866910542670065,0.514018691588785,1.2280039156371598,-1.0134458344392663,0.8985486342275188,-0.19266194607087772,-1.726949337062175,0.0845841582677811,0.5726322426419063,16.192645856980445,0.0,760
shadow_sell,equal,29,0.3,-0.028827673587622726,0.18913786236713948,-0.2334052766747887,-0.35851349460204074,-0.3288035762322947,-0.08767445268678103,0.5151515151515151,1.0359354879559322,-0.974039623003439,0.9202315177431458,-0.2120025919924847,-2.677949733645233,0.007566535244883488,0.658398823534909,26.11450385926124,0.0,766
shadow_sell,signal_weight,21,0.3,-0.1029884232826509,0.23783943272804423,-0.47598981345793473,-0.7229274694287073,-0.3818399891447013,-0.26971618010292425,0.5119617224880383,1.1714659498037847,-1.2597085661193086,0.6399873298210698,-0.28613369868538907,-2.5356651225941054,0.011424807338383358,0.6883841625640171,19.31276511128538,0.0,754
shadow_sell,equal,21,0.3,-0.11445454411891576,0.22438321128340516,-0.5753276886982143,-0.856337522149389,-0.3636727532422205,-0.3147185020008482,0.5119617224880383,1.1634448497066063,-1.3285108795310094,0.548987823828915,-0.26792070335545665,-2.3603373285024754,0.0185127129108269,0.5526504168487635,15.41377453748232,0.0,754
